,year,Country name,Ladder score,upperwhisker,lowerwhisker,Explained by: Log GDP per capita,Explained by: Social support,Explained by: Healthy life expectancy,Explained by: Freedom to make life choices,Explained by: Generosity,Explained by: Perceptions of corruption,Dystopia + residual,Regional indicator
0,2020,Finland,7.808700085,7.869766235,7.747633934,1.285189509,1.499525905,0.961271405,0.66231674,0.159670442,0.477857262,2.762835026,Western Europe
1,2020,Denmark,7.645599842,7.711244583,7.579955101,1.326948524,1.503449202,0.979332566,0.665039897,0.242793396,0.495260328,2.432740688,Western Europe
2,2020,Switzerland,7.559899807,7.628527641,7.491271973,1.39077425,1.472403407,1.040533185,0.62895447,0.269055754,0.407945901,2.35026741,Western Europe
3,2020,Iceland,7.504499912,7.621346951,7.387652874,1.326501608,1.547567487,1.000843406,0.661980748,0.362330228,0.144540772,2.460688114,Western Europe
4,2020,Norway,7.487999916,7.55628109,7.419718742,1.42420733,1.495172501,1.008071899,0.670200884,0.287985086,0.434100568,2.168266296,Western Europe
5,2020,Netherlands,7.448900223,7.503372192,7.394428253,1.338946342,1.463645935,0.975675344,0.61362648,0.336317569,0.368569762,2.352117062,Western Europe
6,2020,Sweden,7.353499889,7.424519062,7.282480717,1.322235227,1.433347702,0.986470461,0.650297701,0.272827893,0.442066371,2.246299267,Western Europe
7,2020,New Zealand,7.299600124,7.376952648,7.222247601,1.242317915,1.48721838,1.008138299,0.646789908,0.325726211,0.461268276,2.128108025,North America and ANZ
8,2020,Austria,7.294199944,7.359595776,7.228804111,1.317285538,1.437444925,1.000933528,0.603368878,0.255509764,0.281256139,2.398446083,Western Europe
9,2020,Luxembourg,7.237500191,7.297969818,7.177030563,1.536676049,1.387528419,0.986442685,0.610137045,0.19595392,0.367041469,2.153700352,Western Europe
10,2020,Canada,7.23210001,7.311294556,7.152905464,1.301647663,1.435391903,1.022501945,0.644028127,0.28152892,0.351701856,2.195269108,North America and ANZ
11,2020,Australia,7.222799778,7.30480814,7.140791416,1.310396433,1.477146268,1.022607684,0.621877193,0.324973613,0.335996419,2.129804134,North America and ANZ
12,2020,United Kingdom,7.164500237,7.237337589,7.091662884,1.273061037,1.457844973,0.97570008,0.525168657,0.373433441,0.322601646,2.236721992,Western Europe
13,2020,Israel,7.128600121,7.211929798,7.045270443,1.216463685,1.403256774,1.008052945,0.420699477,0.266861796,0.09989845,2.713358402,Middle East and North Africa
14,2020,Costa Rica,7.121399879,7.209239483,7.033560276,0.981107712,1.374853611,0.939635336,0.645017743,0.131266311,0.096362092,2.953135014,Latin America and Caribbean
15,2020,Ireland,7.093699932,7.171832085,7.01556778,1.446886778,1.470596433,0.975670695,0.587779939,0.295426995,0.373433262,1.943878174,Western Europe
16,2020,Germany,7.075799942,7.145595074,7.00600481,1.314184546,1.368543744,0.972114801,0.564274132,0.252037704,0.309362292,2.295249462,Western Europe
17,2020,United States,6.939599991,7.032339573,6.846860409,1.37398684,1.404786706,0.831618011,0.534608245,0.298143059,0.152284741,2.344124794,North America and ANZ
18,2020,Czech Republic,6.910900116,6.994966984,6.826833248,1.212322354,1.40528667,0.89456445,0.505744576,0.046325929,0.049803223,2.796808243,Central and Eastern Europe
19,2020,Belgium,6.863500118,6.930866241,6.796133995,1.295842767,1.398677588,0.964901149,0.499805421,0.146966159,0.208724052,2.348626614,Western Europe
20,2020,United Arab Emirates,6.790800095,6.870568752,6.711031437,1.431086421,1.251170993,0.787814438,0.652936101,0.28065598,0.220213518,2.166965961,Middle East and North Africa
21,2020,Malta,6.772799969,6.856997967,6.688601971,1.252513289,1.442956924,0.972042024,0.633239031,0.341180831,0.178864077,1.952012062,Western Europe
22,2020,France,6.663799763,6.737450123,6.590149403,1.268129349,1.458839178,1.029714227,0.514050901,0.112607703,0.227303237,2.053198338,Western Europe
23,2020,Mexico,6.465000153,6.559319973,6.370680332,1.024387479,1.226333499,0.831601024,0.553892553,0.083094485,0.083133668,2.662540197,Latin America and Caribbean
24,2020,Taiwan Province of China,6.45539999,6.532113552,6.378686428,1.327470541,1.357760668,0.878437996,0.449404389,0.150598705,0.131516352,2.160238743,East Asia
25,2020,Uruguay,6.440100193,6.529121399,6.351078987,1.071000457,1.425081134,0.856928885,0.59426707,0.132143691,0.193425074,2.167276382,Latin America and Caribbean
26,2020,Saudi Arabia,6.406499863,6.517305851,6.295693874,1.334328532,1.309950113,0.759818137,0.548477471,0.087440684,0.163322315,2.203118801,Middle East and North Africa
27,2020,Spain,6.400899887,6.483808517,6.317991257,1.230535269,1.421099186,1.051343083,0.425983816,0.16530548,0.109579779,1.997088432,Western Europe
28,2020,Guatemala,6.398900032,6.5133605,6.284439564,0.753815711,1.174267054,0.705952585,0.613146722,0.170611665,0.0983603,2.882723093,Latin America and Caribbean
29,2020,Italy,6.38740015,6.47224474,6.302555561,1.236396074,1.347296,1.022504926,0.321305573,0.170266211,0.040145598,2.249505997,Western Europe
30,2020,Singapore,6.377099991,6.442287445,6.311912537,1.519580126,1.39545691,1.137814283,0.635317206,0.218770906,0.533162236,0.937031746,Southeast Asia
31,2020,Brazil,6.375599861,6.455549717,6.295650005,0.952679873,1.363464117,0.766119063,0.483292729,0.131674588,0.106518604,2.571860313,Latin America and Caribbean
32,2020,Slovenia,6.363399982,6.449328899,6.277471066,1.208652496,1.464677691,0.932548046,0.646700144,0.145701498,0.076516323,1.888586521,Central and Eastern Europe
33,2020,El Salvador,6.34829998,6.462466717,6.234133244,0.748940408,1.149397612,0.752730012,0.524043918,0.1189363,0.117030352,2.937191725,Latin America and Caribbean
34,2020,Kosovo,6.325200081,6.427544117,6.222856045,0.840481341,1.183962822,0.672709167,0.557280421,0.325286865,0.008559024,2.736902714,Central and Eastern Europe
35,2020,Panama,6.304800034,6.421860695,6.187739372,1.097667813,1.376149297,0.878546536,0.57984978,0.097207308,0.054230526,2.221176147,Latin America and Caribbean
36,2020,Slovakia,6.280600071,6.35683918,6.204360962,1.194837689,1.424331188,0.853465259,0.423542529,0.116729774,0.011291441,2.256422043,Central and Eastern Europe
37,2020,Uzbekistan,6.257599831,6.36388588,6.151313782,0.696652949,1.434020042,0.716703713,0.693270326,0.363311023,0.280260265,2.073346615,Commonwealth of Independent States
38,2020,Chile,6.228499889,6.318118572,6.138881207,1.096992493,1.323286891,0.889260828,0.417482227,0.155579001,0.06284935,2.283012867,Latin America and Caribbean
39,2020,Bahrain,6.227300167,6.387789249,6.066811085,1.296692252,1.31532371,0.838836372,0.610399902,0.287453711,0.126697257,1.751917362,Middle East and North Africa
40,2020,Lithuania,6.215499878,6.302118301,6.128881454,1.193559647,1.432865739,0.795421183,0.42046079,0.053691041,0.081350274,2.238146067,Central and Eastern Europe
41,2020,Trinidad and Tobago,6.191899776,6.416218758,5.967580795,1.167641521,1.407326221,0.658828557,0.55293113,0.199358255,0.015078396,2.190695763,Latin America and Caribbean
42,2020,Poland,6.186299801,6.255880356,6.116719246,1.16922915,1.310399771,0.868038476,0.557903528,0.063374244,0.160541251,2.056797981,Central and Eastern Europe
43,2020,Colombia,6.163400173,6.274102688,6.052697659,0.93220371,1.33445096,0.810020149,0.526890039,0.092374094,0.04584837,2.421656609,Latin America and Caribbean
44,2020,Cyprus,6.15899992,6.258187771,6.059812069,1.21279943,1.149170756,1.026124597,0.459385872,0.227932334,0.051207144,2.032334805,Western Europe
45,2020,Nicaragua,6.13710022,6.262318611,6.011881828,0.620033145,1.27081275,0.803093255,0.560117304,0.212871477,0.174084574,2.496081114,Latin America and Caribbean
46,2020,Romania,6.123700142,6.216668129,6.030732155,1.120401621,1.1944381,0.79229486,0.534852326,0.068181619,0.000829569,2.412749767,Central and Eastern Europe
47,2020,Kuwait,6.102099895,6.206563473,5.997636318,1.424833655,1.244779825,0.776468933,0.570261419,0.132751092,0.112814933,1.840167999,Middle East and North Africa
48,2020,Mauritius,6.101299763,6.213463783,5.989135742,1.07366395,1.395666838,0.763389409,0.590838134,0.186894551,0.084088229,2.006720543,Sub-Saharan Africa
49,2020,Kazakhstan,6.057899952,6.1426301,5.973169804,1.122594237,1.453267694,0.698788941,0.497432142,0.153713793,0.110463686,2.021602631,Commonwealth of Independent States
50,2020,Estonia,6.021800041,6.092330933,5.95126915,1.192441225,1.453232527,0.842615008,0.576664805,0.125136748,0.201766819,1.629928112,Central and Eastern Europe
51,2020,Philippines,6.006000042,6.103722572,5.908277512,0.775120676,1.245381713,0.602189481,0.621915162,0.129260212,0.130385727,2.501741886,Southeast Asia
52,2020,Hungary,6.000400066,6.077767372,5.923032761,1.164307117,1.423009396,0.806793869,0.386401802,0.070491239,0.027548173,2.121845722,Central and Eastern Europe
53,2020,Thailand,5.998799801,6.082288742,5.91531086,1.007029295,1.347519517,0.793855846,0.609449804,0.376709014,0.031837862,1.832384109,Southeast Asia
54,2020,Argentina,5.974699974,6.079445839,5.869954109,1.028465629,1.372543693,0.849773705,0.520840347,0.070100471,0.060415059,2.072540998,Latin America and Caribbean
55,2020,Honduras,5.953199863,6.082033634,5.824366093,0.598763585,1.186664104,0.791989982,0.568148077,0.256528199,0.086807102,2.464295387,Latin America and Caribbean
56,2020,Latvia,5.949999809,6.018282413,5.881717205,1.14139545,1.414398789,0.777902424,0.329198807,0.075407945,0.090391524,2.121283054,Central and Eastern Europe
57,2020,Ecuador,5.925199986,6.028846264,5.821553707,0.853383601,1.221027613,0.838837743,0.555234551,0.115006477,0.086753383,2.254933834,Latin America and Caribbean
58,2020,Portugal,5.910900116,6.015089989,5.806710243,1.168800831,1.339530349,0.979315281,0.589895189,0.053036947,0.027733466,1.752558708,Western Europe
59,2020,Jamaica,5.889800072,6.126157284,5.65344286,0.779058397,1.408289194,0.788434088,0.553124607,0.116268493,0.030147785,2.214436531,Latin America and Caribbean
60,2020,South Korea,5.872399807,5.958806515,5.785993099,1.245300651,1.133560538,1.022542596,0.25935635,0.170303866,0.094596282,1.946757078,East Asia
61,2020,Japan,5.870800018,5.951927662,5.789672375,1.26672411,1.332338691,1.072881341,0.495465875,0.03571178,0.181439638,1.486200333,East Asia
62,2020,Peru,5.796800137,5.916970253,5.67663002,0.91854918,1.208405972,0.824444175,0.513210058,0.091611817,0.02703266,2.213499546,Latin America and Caribbean
63,2020,Serbia,5.77820015,5.877596378,5.678803921,0.988181829,1.327448964,0.828403294,0.395428419,0.15028289,0.059447147,2.029040098,Central and Eastern Europe
64,2020,Bolivia,5.747499943,5.846765041,5.648234844,0.730976343,1.142350554,0.662445664,0.5744645,0.138375074,0.072942637,2.425928593,Latin America and Caribbean
65,2020,Pakistan,5.69329977,5.78780365,5.598795891,0.616799474,0.872979581,0.469933242,0.405421734,0.228705063,0.122592121,2.976876736,South Asia
66,2020,Paraguay,5.692100048,5.793937683,5.590262413,0.897990823,1.36819756,0.735869646,0.586510062,0.204299241,0.065077379,1.83412528,Latin America and Caribbean
67,2020,Dominican Republic,5.689199924,5.826069355,5.552330494,0.983191848,1.328888893,0.741901696,0.5628739,0.112196781,0.115945682,1.844246864,Latin America and Caribbean
68,2020,Bosnia and Herzegovina,5.674099922,5.765016556,5.583183289,0.91839546,1.203986526,0.813928187,0.305365741,0.264005244,0.001172487,2.16724205,Central and Eastern Europe
69,2020,Moldova,5.607500076,5.690360069,5.524640083,0.707916796,1.237312198,0.713299453,0.389571488,0.174049184,0.014378744,2.370968342,Commonwealth of Independent States
70,2020,Tajikistan,5.555699825,5.619050026,5.492349625,0.474874616,1.218377709,0.680594802,0.521141171,0.182417125,0.221779913,2.25650835,Commonwealth of Independent States
71,2020,Montenegro,5.54610014,5.642112255,5.450088024,1.010150075,1.265657902,0.839028895,0.303223848,0.14901033,0.098435111,1.880565882,Central and Eastern Europe
72,2020,Russia,5.546000004,5.623634815,5.468365192,1.126999617,1.378644109,0.68044591,0.399499595,0.099041916,0.045699362,1.815716743,Commonwealth of Independent States
73,2020,Kyrgyzstan,5.541500092,5.627108097,5.455892086,0.513180971,1.341036677,0.680645883,0.614617765,0.30137074,0.030466691,2.060206652,Commonwealth of Independent States
74,2020,Belarus,5.539899826,5.612537384,5.467262268,1.018854499,1.38713932,0.75258857,0.290755868,0.08993306,0.193607435,1.8069911,Commonwealth of Independent States
75,2020,North Cyprus,5.53550005,5.635532856,5.435467243,1.21279943,1.183089137,1.026124597,0.477885723,0.199160054,0.199802905,1.23668766,Western Europe
76,2020,Greece,5.514999866,5.606986046,5.423013687,1.128070116,1.168973565,0.979431748,0.173516348,0.0,0.048844352,2.016179085,Western Europe
77,2020,Hong Kong S.A.R. of China,5.510399818,5.600596905,5.420202732,1.376746058,1.243584275,1.136630654,0.459356517,0.288280904,0.332485437,0.673293114,East Asia
78,2020,Croatia,5.504700184,5.578756332,5.430644035,1.109024286,1.311264873,0.900575578,0.381456882,0.113998979,0.012325006,1.676029205,Central and Eastern Europe
79,2020,Libya,5.488800049,5.607727528,5.36987257,1.021913767,1.196283698,0.615626633,0.451354057,0.142757699,0.172258079,1.888563156,Middle East and North Africa
80,2020,Mongolia,5.456200123,5.535213947,5.377186298,0.904872775,1.458930612,0.615788162,0.355703115,0.263885736,0.046533126,1.810527563,East Asia
81,2020,Malaysia,5.384300232,5.479953289,5.288647175,1.168421626,1.17400229,0.788511872,0.596941531,0.274886161,0.062163133,1.319420815,Southeast Asia
82,2020,Vietnam,5.353499889,5.41974926,5.287250519,0.718092382,1.253074765,0.819133997,0.650835574,0.136488721,0.089848459,1.685977936,Southeast Asia
83,2020,Indonesia,5.285600185,5.379077435,5.192122936,0.891720712,1.154800892,0.610437036,0.568161428,0.542646527,0.038278613,1.479573488,Southeast Asia
84,2020,Ivory Coast,5.233300209,5.376567364,5.090033054,0.537094414,0.799727261,0.154942513,0.397122532,0.169915587,0.093495794,3.081022501,Sub-Saharan Africa
85,2020,Benin,5.21600008,5.368408203,5.063591957,0.366244704,0.352428436,0.328062952,0.40583989,0.196670428,0.125931874,3.440809727,Sub-Saharan Africa
86,2020,Maldives,5.197599888,5.338691235,5.056508541,0.937864304,1.402287602,0.914439559,0.548203647,0.224198252,0.071906492,1.098674774,South Asia
87,2020,Azerbaijan,5.164800167,5.231826782,5.097773552,0.990272701,1.180613041,0.731134057,0.467734724,0.040113214,0.247307181,1.507632971,Commonwealth of Independent States
88,2020,Macedonia,5.159800053,5.251452446,5.068147659,0.935371995,1.183173537,0.802994132,0.410224587,0.18586354,0.024595059,1.617594957,Central and Eastern Europe
89,2020,Ghana,5.147999763,5.262923717,5.033075809,0.575862467,0.96636796,0.432162255,0.477290064,0.261291206,0.056570381,2.378437281,Sub-Saharan Africa
90,2020,Nepal,5.137199879,5.250276566,5.024123192,0.444050372,1.100789309,0.66887939,0.480608255,0.300971806,0.127502963,2.014386892,South Asia
91,2020,Turkey,5.131800175,5.20988369,5.05371666,1.127169251,1.197159171,0.781335294,0.25440076,0.085885569,0.120983243,1.564816713,Middle East and North Africa
92,2020,China,5.123899937,5.174667358,5.073132515,0.990533412,1.132080674,0.867248535,0.601605117,0.079021044,0.117255554,1.336181879,East Asia
93,2020,Turkmenistan,5.119100094,5.17668438,5.061515808,1.008963585,1.510476947,0.612448037,0.515236676,0.323129326,0.03350389,1.115337372,Commonwealth of Independent States
94,2020,Bulgaria,5.101500034,5.188173294,5.014826775,1.046554685,1.460578918,0.777776897,0.417820066,0.103833713,0.0,1.294961452,Central and Eastern Europe
95,2020,Morocco,5.094799995,5.203875065,4.985724926,0.75862211,0.645208478,0.745096922,0.450054139,0.040032551,0.077385604,2.378402472,Middle East and North Africa
96,2020,Cameroon,5.084899902,5.216800213,4.952999592,0.503958046,0.89972645,0.270189553,0.439242482,0.198020101,0.054393422,2.719370842,Sub-Saharan Africa
97,2020,Venezuela,5.053199768,5.179189682,4.927209854,0.770238638,1.348546863,0.76702553,0.271717221,0.087179154,0.063624777,1.74484086,Latin America and Caribbean
98,2020,Algeria,5.005099773,5.09180212,4.918397427,0.943856001,1.143003583,0.745418549,0.083943799,0.118915014,0.129190654,1.840811729,Middle East and North Africa
99,2020,Senegal,4.980800152,5.084227562,4.877372742,0.504061818,0.95459342,0.518391907,0.352400899,0.164397135,0.081865937,2.405123949,Sub-Saharan Africa
100,2020,Guinea,4.949299812,5.09246254,4.806137085,0.390007734,0.75136596,0.333655238,0.371878058,0.249490842,0.112204559,2.740729809,Sub-Saharan Africa
101,2020,Niger,4.909599781,5.060927868,4.758271694,0.108330332,0.703800142,0.298816353,0.435311615,0.208176896,0.137554765,3.017630577,Sub-Saharan Africa
102,2020,Laos,4.888599873,4.967526436,4.809673309,0.714693844,0.987391889,0.486378282,0.612027287,0.27266711,0.194273964,1.621152639,Southeast Asia
103,2020,Albania,4.882699966,4.992686749,4.772713184,0.906653047,0.830483913,0.846329629,0.461945891,0.171027765,0.025361285,1.640897036,Central and Eastern Europe
104,2020,Cambodia,4.848400116,4.962093353,4.734706879,0.544634938,1.071426034,0.587904334,0.674940348,0.233342081,0.072837502,1.663300037,Southeast Asia
105,2020,Bangladesh,4.832799911,4.911443233,4.75415659,0.556156278,0.868800581,0.694940507,0.604130566,0.176745117,0.176735908,1.755261898,South Asia
106,2020,Gabon,4.829299927,4.947425842,4.711174011,0.988044381,1.10639751,0.522574842,0.369459897,0.052013602,0.055804539,1.735027552,Sub-Saharan Africa
107,2020,South Africa,4.814099789,4.931746006,4.696453571,0.902140439,1.259086251,0.407034069,0.43478182,0.126406848,0.05950214,1.625117302,Sub-Saharan Africa
108,2020,Iraq,4.784800053,4.937272072,4.632328033,0.982018709,1.011466622,0.529350698,0.283588052,0.153002068,0.073164992,1.752173662,Middle East and North Africa
109,2020,Lebanon,4.771500111,4.857257843,4.685742378,0.889232516,1.19249332,0.788671136,0.18551667,0.158524141,0.021518147,1.53554225,Middle East and North Africa
110,2020,Burkina Faso,4.768700123,4.890351772,4.647048473,0.302467644,0.9293859,0.312833875,0.322398156,0.186390609,0.126408055,2.588826418,Sub-Saharan Africa
111,2020,Gambia,4.750599861,4.882240772,4.61895895,0.256990552,0.882678688,0.353247881,0.403419524,0.425989687,0.158093795,2.270216465,Sub-Saharan Africa
112,2020,Mali,4.729300022,4.855451107,4.603148937,0.352462649,0.97314173,0.234981522,0.377534449,0.16966705,0.062146276,2.559335232,Sub-Saharan Africa
113,2020,Nigeria,4.724100113,4.826248169,4.621952057,0.645901859,0.986717939,0.167835936,0.435079455,0.221328124,0.047589935,2.219635487,Sub-Saharan Africa
114,2020,Armenia,4.676799774,4.791646481,4.561953068,0.808262408,1.034576893,0.77585727,0.378075808,0.107225738,0.104618184,1.468161583,Commonwealth of Independent States
115,2020,Georgia,4.672599792,4.757698059,4.587501526,0.847198069,0.7311939,0.694657624,0.485494107,0.047609735,0.174088076,1.69239831,Commonwealth of Independent States
116,2020,Iran,4.672399998,4.78192091,4.562879086,1.029322505,0.886271179,0.749053836,0.301195472,0.27697894,0.142651513,1.286969423,Middle East and North Africa
117,2020,Jordan,4.633399963,4.748552322,4.518247604,0.785179198,1.140118599,0.777624726,0.424855083,0.091494769,0.151878625,1.262258053,Middle East and North Africa
118,2020,Mozambique,4.623600006,4.778996944,4.468203068,0.178741366,0.955202878,0.324223638,0.56077534,0.220422104,0.163064316,2.221216202,Sub-Saharan Africa
119,2020,Kenya,4.583000183,4.715898037,4.450102329,0.476413399,0.905077755,0.536312759,0.519180536,0.393902093,0.067201078,1.684904575,Sub-Saharan Africa
120,2020,Namibia,4.571100235,4.690628052,4.451572418,0.84008199,1.245738149,0.40687117,0.444598973,0.076454483,0.054320343,1.503033161,Sub-Saharan Africa
121,2020,Ukraine,4.56069994,4.658080578,4.463319302,0.780434608,1.321316481,0.698674381,0.319423705,0.178551316,0.00965116,1.252669334,Commonwealth of Independent States
122,2020,Liberia,4.557899952,4.71853447,4.397265434,0.174103007,0.920733929,0.392284274,0.405943096,0.226967871,0.051139876,2.386757851,Sub-Saharan Africa
123,2020,Palestinian Territories,4.552800179,4.662314892,4.443285465,0.587819219,1.194755554,0.613826573,0.29870075,0.091816261,0.071913652,1.693985701,Middle East and North Africa
124,2020,Uganda,4.43200016,4.566251278,4.297749043,0.312337428,1.052327394,0.378311664,0.401682556,0.264807373,0.063818842,1.958671093,Sub-Saharan Africa
125,2020,Chad,4.422699928,4.570153236,4.27524662,0.302287489,0.739118278,0.1087441,0.228601769,0.210805088,0.085755408,2.74742651,Sub-Saharan Africa
126,2020,Tunisia,4.392199993,4.489554405,4.294845581,0.874742687,0.872167706,0.781156719,0.235860556,0.055881143,0.043899573,1.528496742,Middle East and North Africa
127,2020,Mauritania,4.374599934,4.482583046,4.266616821,0.539684892,1.113323569,0.425184816,0.185714483,0.128899664,0.122257635,1.85955739,Sub-Saharan Africa
128,2020,Sri Lanka,4.327000141,4.431047916,4.222952366,0.897986948,1.19494009,0.792036712,0.528632462,0.252666146,0.049444564,0.611288548,South Asia
129,2020,Congo (Kinshasa),4.31099987,4.524636269,4.097363472,0.062487468,0.833055019,0.277212054,0.36462298,0.254324883,0.081466645,2.437864304,Sub-Saharan Africa
130,2020,Swaziland,4.308100224,4.448145866,4.168054581,0.827539742,1.064835191,0.215585828,0.299935788,0.067264833,0.146765873,1.686207294,Sub-Saharan Africa
131,2020,Myanmar,4.308000088,4.392180443,4.223819733,0.67809093,1.098178267,0.495443076,0.597478867,0.569813728,0.187530354,0.681462526,Southeast Asia
132,2020,Comoros,4.288599968,4.453906536,4.1232934,0.415620774,0.723232806,0.437383324,0.181028232,0.258538276,0.100048535,2.17276907,Sub-Saharan Africa
133,2020,Togo,4.187200069,4.309713364,4.064686775,0.268116266,0.547622859,0.342731178,0.303539038,0.200774252,0.114826456,2.409595251,Sub-Saharan Africa
134,2020,Ethiopia,4.186200142,4.262473583,4.109926701,0.315125644,1.001103282,0.483846247,0.41256687,0.227698103,0.117437035,1.628459215,Sub-Saharan Africa
135,2020,Madagascar,4.165599823,4.278382301,4.052817345,0.244553208,0.823694348,0.500617027,0.192967549,0.191190064,0.076248638,2.136298418,Sub-Saharan Africa
136,2020,Egypt,4.151400089,4.221919537,4.080880642,0.875228941,0.982539535,0.596911311,0.373684734,0.068801254,0.095461793,1.158818245,Middle East and North Africa
137,2020,Sierra Leone,3.926399946,4.046255589,3.806544304,0.240560383,0.747984946,0.203953966,0.382027686,0.257647008,0.047940936,2.046271801,Sub-Saharan Africa
138,2020,Burundi,3.775300026,3.98526001,3.565340042,0.0,0.403575271,0.295212835,0.275399059,0.187401786,0.212186828,2.401507378,Sub-Saharan Africa
139,2020,Zambia,3.759399891,3.878326178,3.640473604,0.536833763,0.896037281,0.36359334,0.49131754,0.250620902,0.086705238,1.134339333,Sub-Saharan Africa
140,2020,Haiti,3.720799923,3.919667482,3.521932364,0.284734428,0.646671355,0.37436673,0.169297516,0.463909656,0.161935672,1.619916916,Latin America and Caribbean
141,2020,Lesotho,3.652800083,3.813757181,3.491842985,0.45493874,1.088940024,0.100934811,0.409367532,0.102627642,0.050483823,1.445513964,Sub-Saharan Africa
142,2020,India,3.573299885,3.627596378,3.519003391,0.730576158,0.644198656,0.54057014,0.581142247,0.237072483,0.105587982,0.734130859,South Asia
143,2020,Malawi,3.538000107,3.675710678,3.400289536,0.176534727,0.53036809,0.446163297,0.487389833,0.213185057,0.131633952,1.552718282,Sub-Saharan Africa
144,2020,Yemen,3.527400017,3.633549929,3.421250105,0.392701775,1.177477121,0.41500017,0.243721485,0.094689012,0.087352127,1.116472721,Middle East and North Africa
145,2020,Botswana,3.478899956,3.597563744,3.360236168,0.997548997,1.08569479,0.494101733,0.50908941,0.033407487,0.101786368,0.257240534,Sub-Saharan Africa
146,2020,Tanzania,3.476200104,3.600091219,3.352308989,0.457163125,0.872674644,0.442677855,0.509343088,0.27154091,0.203880861,0.718963385,Sub-Saharan Africa
147,2020,Central African Republic,3.475899935,3.701658487,3.250141382,0.041072082,0.0,0.0,0.292814463,0.253513217,0.028264718,2.860197544,Sub-Saharan Africa
148,2020,Rwanda,3.312299967,3.415053368,3.209546566,0.343242675,0.522876322,0.572383285,0.604087889,0.235704988,0.485542476,0.548444986,Sub-Saharan Africa
149,2020,Zimbabwe,3.299200058,3.414201975,3.184198141,0.425564021,1.047835231,0.375037611,0.37740472,0.151349187,0.080928579,0.841031075,Sub-Saharan Africa
150,2020,South Sudan,2.816600084,3.027516365,2.605683804,0.289082974,0.553278506,0.208809033,0.065609254,0.209934607,0.111156799,1.378751278,Sub-Saharan Africa
151,2020,Afghanistan,2.566900015,2.628270388,2.505529642,0.30070585,0.356433839,0.266051531,0.0,0.135234714,0.001225785,1.507235646,South Asia
152,2021,Finland,7.842,7.904,7.78,1.446,1.106,0.741,0.691,0.124,0.481,3.253,Western Europe
153,2021,Denmark,7.62,7.687,7.552,1.502,1.108,0.763,0.686,0.208,0.485,2.868,Western Europe
154,2021,Switzerland,7.571,7.643,7.5,1.566,1.079,0.816,0.653,0.204,0.413,2.839,Western Europe
155,2021,Iceland,7.554,7.67,7.438,1.482,1.172,0.772,0.698,0.293,0.17,2.967,Western Europe
156,2021,Netherlands,7.464,7.518,7.41,1.501,1.079,0.753,0.647,0.302,0.384,2.798,Western Europe
157,2021,Norway,7.392,7.462,7.323,1.543,1.108,0.782,0.703,0.249,0.427,2.58,Western Europe
158,2021,Sweden,7.363,7.433,7.293,1.478,1.062,0.763,0.685,0.244,0.448,2.683,Western Europe
159,2021,Luxembourg,7.324,7.396,7.252,1.751,1.003,0.76,0.639,0.166,0.353,2.653,Western Europe
160,2021,New Zealand,7.277,7.355,7.198,1.4,1.094,0.785,0.665,0.276,0.445,2.612,North America and ANZ
161,2021,Austria,7.268,7.337,7.198,1.492,1.062,0.782,0.64,0.215,0.292,2.784,Western Europe
162,2021,Australia,7.183,7.265,7.102,1.453,1.076,0.801,0.647,0.291,0.317,2.598,North America and ANZ
163,2021,Israel,7.157,7.224,7.09,1.376,1.074,0.788,0.509,0.208,0.119,3.083,Middle East and North Africa
164,2021,Germany,7.155,7.232,7.077,1.48,0.993,0.757,0.6,0.195,0.306,2.824,Western Europe
165,2021,Canada,7.103,7.185,7.021,1.447,1.044,0.798,0.648,0.246,0.335,2.585,North America and ANZ
166,2021,Ireland,7.085,7.164,7.006,1.644,1.092,0.753,0.606,0.238,0.367,2.384,Western Europe
167,2021,Costa Rica,7.069,7.179,6.96,1.134,0.966,0.722,0.673,0.105,0.083,3.387,Latin America and Caribbean
168,2021,United Kingdom,7.064,7.138,6.99,1.423,1.062,0.757,0.58,0.34,0.306,2.596,Western Europe
169,2021,Czech Republic,6.965,7.062,6.868,1.37,1.09,0.703,0.58,0.052,0.046,3.124,Central and Eastern Europe
170,2021,United States,6.951,7.047,6.856,1.533,1.03,0.621,0.554,0.252,0.154,2.807,North America and ANZ
171,2021,Belgium,6.834,6.901,6.767,1.463,0.998,0.747,0.489,0.088,0.187,2.862,Western Europe
172,2021,France,6.69,6.762,6.618,1.421,1.081,0.804,0.536,0.092,0.235,2.521,Western Europe
173,2021,Bahrain,6.647,6.779,6.514,1.409,0.899,0.662,0.661,0.246,0.139,2.631,Middle East and North Africa
174,2021,Malta,6.602,6.688,6.516,1.411,1.055,0.747,0.664,0.275,0.183,2.268,Western Europe
175,2021,Taiwan Province of China,6.584,6.659,6.51,1.48,0.982,0.665,0.49,0.142,0.139,2.687,East Asia
176,2021,United Arab Emirates,6.561,6.637,6.484,1.555,0.86,0.594,0.67,0.236,0.223,2.422,Middle East and North Africa
177,2021,Saudi Arabia,6.494,6.604,6.384,1.435,0.964,0.571,0.603,0.09,0.163,2.668,Middle East and North Africa
178,2021,Spain,6.491,6.574,6.408,1.375,1.057,0.826,0.462,0.135,0.124,2.513,Western Europe
179,2021,Italy,6.483,6.572,6.395,1.393,0.94,0.798,0.379,0.133,0.047,2.794,Western Europe
180,2021,Slovenia,6.461,6.546,6.376,1.36,1.093,0.722,0.69,0.122,0.085,2.388,Central and Eastern Europe
181,2021,Guatemala,6.435,6.577,6.292,0.845,0.79,0.519,0.638,0.163,0.105,3.375,Latin America and Caribbean
182,2021,Uruguay,6.431,6.521,6.341,1.164,1.042,0.649,0.625,0.128,0.223,2.6,Latin America and Caribbean
183,2021,Singapore,6.377,6.46,6.293,1.695,1.019,0.897,0.664,0.176,0.547,1.379,Southeast Asia
184,2021,Kosovo,6.372,6.487,6.257,0.937,0.807,0.483,0.593,0.356,0.014,3.182,Central and Eastern Europe
185,2021,Slovakia,6.331,6.411,6.251,1.304,1.066,0.653,0.468,0.107,0.018,2.714,Central and Eastern Europe
186,2021,Brazil,6.33,6.415,6.245,1.028,0.944,0.571,0.514,0.142,0.117,3.015,Latin America and Caribbean
187,2021,Mexico,6.317,6.42,6.213,1.126,0.83,0.634,0.585,0.092,0.089,2.961,Latin America and Caribbean
188,2021,Jamaica,6.309,6.615,6.004,0.891,0.932,0.599,0.618,0.099,0.035,3.135,Latin America and Caribbean
189,2021,Lithuania,6.255,6.344,6.167,1.35,1.065,0.612,0.476,0.056,0.073,2.624,Central and Eastern Europe
190,2021,Cyprus,6.223,6.319,6.128,1.377,0.765,0.801,0.464,0.178,0.061,2.578,Western Europe
191,2021,Estonia,6.189,6.263,6.115,1.344,1.079,0.64,0.641,0.119,0.263,2.103,Central and Eastern Europe
192,2021,Panama,6.18,6.323,6.036,1.298,0.976,0.667,0.596,0.079,0.053,2.509,Latin America and Caribbean
193,2021,Uzbekistan,6.179,6.312,6.045,0.769,1.027,0.528,0.716,0.391,0.271,2.477,Commonwealth of Independent States
194,2021,Chile,6.172,6.262,6.081,1.2,0.946,0.678,0.438,0.159,0.07,2.682,Latin America and Caribbean
195,2021,Poland,6.166,6.245,6.087,1.309,0.982,0.668,0.558,0.08,0.13,2.438,Central and Eastern Europe
196,2021,Kazakhstan,6.152,6.243,6.06,1.23,1.103,0.527,0.573,0.143,0.132,2.446,Commonwealth of Independent States
197,2021,Romania,6.14,6.253,6.027,1.275,0.832,0.595,0.564,0.045,0.001,2.83,Central and Eastern Europe
198,2021,Kuwait,6.106,6.235,5.977,1.461,0.857,0.58,0.591,0.12,0.13,2.368,Middle East and North Africa
199,2021,Serbia,6.078,6.181,5.974,1.101,0.924,0.634,0.482,0.189,0.066,2.682,Central and Eastern Europe
200,2021,El Salvador,6.061,6.188,5.933,0.845,0.675,0.565,0.615,0.116,0.16,3.085,Latin America and Caribbean
201,2021,Mauritius,6.049,6.165,5.933,1.178,0.996,0.574,0.59,0.153,0.096,2.462,Sub-Saharan Africa
202,2021,Latvia,6.032,6.103,5.961,1.285,1.047,0.587,0.405,0.082,0.089,2.536,Central and Eastern Europe
203,2021,Colombia,6.012,6.132,5.892,1.021,0.866,0.615,0.554,0.1,0.063,2.794,Latin America and Caribbean
204,2021,Hungary,5.992,6.085,5.899,1.301,1.083,0.615,0.454,0.067,0.04,2.432,Central and Eastern Europe
205,2021,Thailand,5.985,6.077,5.893,1.107,0.957,0.596,0.611,0.375,0.028,2.309,Southeast Asia
206,2021,Nicaragua,5.972,6.134,5.81,0.693,0.904,0.604,0.553,0.201,0.176,2.841,Latin America and Caribbean
207,2021,Japan,5.94,6.02,5.861,1.389,0.949,0.838,0.504,0.02,0.192,2.048,East Asia
208,2021,Argentina,5.929,6.04,5.819,1.162,0.98,0.646,0.544,0.069,0.067,2.461,Latin America and Caribbean
209,2021,Portugal,5.929,6.037,5.821,1.323,0.939,0.76,0.621,0.029,0.033,2.225,Western Europe
210,2021,Honduras,5.919,6.081,5.758,0.703,0.787,0.593,0.578,0.241,0.083,2.934,Latin America and Caribbean
211,2021,Croatia,5.882,5.975,5.788,1.251,1.039,0.703,0.453,0.111,0.0,2.325,Central and Eastern Europe
212,2021,Philippines,5.88,5.982,5.778,0.853,0.828,0.426,0.651,0.125,0.126,2.872,Southeast Asia
213,2021,South Korea,5.845,5.928,5.763,1.403,0.758,0.801,0.353,0.134,0.135,2.262,East Asia
214,2021,Peru,5.84,5.988,5.692,0.986,0.833,0.623,0.536,0.087,0.031,2.744,Latin America and Caribbean
215,2021,Bosnia and Herzegovina,5.813,5.911,5.715,1.032,0.919,0.618,0.395,0.261,0.005,2.583,Central and Eastern Europe
216,2021,Moldova,5.766,5.856,5.677,0.985,0.888,0.542,0.536,0.137,0.013,2.665,Commonwealth of Independent States
217,2021,Ecuador,5.764,5.875,5.653,0.935,0.806,0.64,0.56,0.107,0.062,2.653,Latin America and Caribbean
218,2021,Kyrgyzstan,5.744,5.834,5.653,0.665,0.971,0.501,0.673,0.266,0.02,2.648,Commonwealth of Independent States
219,2021,Greece,5.723,5.813,5.632,1.273,0.811,0.76,0.243,0.0,0.074,2.561,Western Europe
220,2021,Bolivia,5.716,5.819,5.613,0.842,0.782,0.486,0.6,0.138,0.064,2.805,Latin America and Caribbean
221,2021,Mongolia,5.677,5.76,5.595,0.966,1.065,0.442,0.397,0.263,0.053,2.492,East Asia
222,2021,Paraguay,5.653,5.832,5.473,0.983,0.97,0.549,0.602,0.206,0.037,2.306,Latin America and Caribbean
223,2021,Montenegro,5.581,5.686,5.475,1.155,0.891,0.637,0.397,0.166,0.081,2.254,Central and Eastern Europe
224,2021,Dominican Republic,5.545,5.685,5.405,1.106,0.879,0.555,0.581,0.101,0.144,2.178,Latin America and Caribbean
225,2021,North Cyprus,5.536,5.636,5.435,1.377,0.806,0.801,0.503,0.196,0.2,1.653,Western Europe
226,2021,Belarus,5.534,5.625,5.442,1.124,1.007,0.56,0.326,0.07,0.199,2.247,Commonwealth of Independent States
227,2021,Russia,5.477,5.541,5.413,1.241,0.992,0.511,0.409,0.115,0.06,2.148,Commonwealth of Independent States
228,2021,Hong Kong S.A.R. of China,5.477,5.573,5.38,1.525,0.841,0.893,0.408,0.232,0.342,1.236,East Asia
229,2021,Tajikistan,5.466,5.532,5.4,0.508,0.895,0.498,0.548,0.152,0.247,2.619,Commonwealth of Independent States
230,2021,Vietnam,5.411,5.488,5.334,0.817,0.873,0.616,0.679,0.124,0.091,2.211,Southeast Asia
231,2021,Libya,5.41,5.558,5.262,1.044,0.821,0.435,0.474,0.131,0.174,2.331,Middle East and North Africa
232,2021,Malaysia,5.384,5.48,5.289,1.259,0.797,0.587,0.624,0.27,0.064,1.784,Southeast Asia
233,2021,Indonesia,5.345,5.454,5.235,0.954,0.786,0.433,0.598,0.541,0.046,1.987,Southeast Asia
234,2021,China,5.339,5.397,5.281,1.061,0.785,0.665,0.636,0.093,0.117,1.982,East Asia
235,2021,Ivory Coast,5.306,5.46,5.152,0.669,0.409,0.052,0.438,0.177,0.092,3.469,Sub-Saharan Africa
236,2021,Armenia,5.283,5.397,5.168,0.996,0.758,0.585,0.54,0.079,0.198,2.127,Commonwealth of Independent States
237,2021,Nepal,5.269,5.406,5.132,0.519,0.702,0.496,0.488,0.287,0.135,2.642,South Asia
238,2021,Bulgaria,5.266,5.371,5.16,1.181,1.055,0.583,0.494,0.125,0.005,1.823,Central and Eastern Europe
239,2021,Maldives,5.198,5.339,5.057,1.115,1.015,0.697,0.575,0.204,0.073,1.52,South Asia
240,2021,Azerbaijan,5.171,5.25,5.091,1.025,0.841,0.541,0.526,0.043,0.276,1.919,Commonwealth of Independent States
241,2021,Cameroon,5.142,5.288,4.996,0.543,0.556,0.159,0.425,0.205,0.058,3.195,Sub-Saharan Africa
242,2021,Senegal,5.132,5.266,4.998,0.518,0.558,0.357,0.381,0.158,0.088,3.071,Sub-Saharan Africa
243,2021,Albania,5.117,5.234,5.001,1.008,0.529,0.646,0.491,0.168,0.024,2.25,Central and Eastern Europe
244,2021,North Macedonia,5.101,5.202,5.001,1.068,0.772,0.535,0.45,0.212,0.022,2.042,Central and Eastern Europe
245,2021,Ghana,5.088,5.219,4.958,0.68,0.595,0.287,0.517,0.268,0.058,2.684,Sub-Saharan Africa
246,2021,Niger,5.074,5.273,4.875,0.162,0.402,0.167,0.516,0.2,0.157,3.47,Sub-Saharan Africa
247,2021,Turkmenistan,5.066,5.136,4.996,1.046,1.172,0.439,0.602,0.366,0.033,1.409,Commonwealth of Independent States
248,2021,Gambia,5.051,5.225,4.877,0.367,0.511,0.21,0.384,0.465,0.123,2.99,Sub-Saharan Africa
249,2021,Benin,5.045,5.189,4.901,0.507,0.058,0.196,0.457,0.166,0.178,3.482,Sub-Saharan Africa
250,2021,Laos,5.03,5.119,4.941,0.808,0.598,0.33,0.643,0.268,0.179,2.204,Southeast Asia
251,2021,Bangladesh,5.025,5.115,4.934,0.635,0.52,0.514,0.603,0.161,0.164,2.427,South Asia
252,2021,Guinea,4.984,5.16,4.808,0.42,0.399,0.206,0.384,0.25,0.111,3.216,Sub-Saharan Africa
253,2021,South Africa,4.956,5.074,4.839,0.967,0.895,0.265,0.447,0.144,0.051,2.187,Sub-Saharan Africa
254,2021,Turkey,4.948,5.038,4.857,1.26,0.809,0.59,0.236,0.097,0.104,1.852,Middle East and North Africa
255,2021,Pakistan,4.934,5.066,4.802,0.637,0.423,0.322,0.418,0.252,0.097,2.784,South Asia
256,2021,Morocco,4.918,5.036,4.8,0.792,0.219,0.558,0.477,0.034,0.088,2.749,Middle East and North Africa
257,2021,Venezuela,4.892,5.017,4.767,0.852,0.897,0.574,0.284,0.078,0.072,2.135,Latin America and Caribbean
258,2021,Georgia,4.891,4.998,4.785,1.03,0.47,0.498,0.488,0.032,0.181,2.191,Commonwealth of Independent States
259,2021,Algeria,4.887,4.991,4.783,0.946,0.765,0.552,0.119,0.144,0.12,2.242,Middle East and North Africa
260,2021,Ukraine,4.875,4.977,4.773,0.979,0.958,0.517,0.417,0.181,0.01,1.813,Commonwealth of Independent States
261,2021,Iraq,4.854,4.97,4.738,0.91,0.638,0.381,0.302,0.153,0.041,2.429,Middle East and North Africa
262,2021,Gabon,4.852,4.998,4.706,1.037,0.707,0.362,0.424,0.058,0.064,2.201,Sub-Saharan Africa
263,2021,Burkina Faso,4.834,4.993,4.675,0.364,0.472,0.179,0.381,0.182,0.122,3.133,Sub-Saharan Africa
264,2021,Cambodia,4.83,4.963,4.698,0.603,0.68,0.426,0.702,0.21,0.061,2.148,Southeast Asia
265,2021,Mozambique,4.794,4.997,4.592,0.183,0.634,0.196,0.608,0.228,0.163,2.783,Sub-Saharan Africa
266,2021,Nigeria,4.759,4.861,4.658,0.663,0.625,0.051,0.433,0.212,0.039,2.736,Sub-Saharan Africa
267,2021,Mali,4.723,4.884,4.563,0.387,0.59,0.11,0.384,0.164,0.072,3.016,Sub-Saharan Africa
268,2021,Iran,4.721,4.828,4.614,1.03,0.557,0.561,0.275,0.33,0.144,1.823,Middle East and North Africa
269,2021,Uganda,4.636,4.78,4.493,0.364,0.718,0.24,0.398,0.267,0.054,2.596,Sub-Saharan Africa
270,2021,Liberia,4.625,4.833,4.417,0.228,0.58,0.253,0.43,0.221,0.057,2.857,Sub-Saharan Africa
271,2021,Kenya,4.607,4.747,4.466,0.603,0.508,0.385,0.483,0.375,0.073,2.18,Sub-Saharan Africa
272,2021,Tunisia,4.596,4.709,4.484,0.919,0.515,0.59,0.334,0.057,0.044,2.138,Middle East and North Africa
273,2021,Lebanon,4.584,4.691,4.477,1.045,0.868,0.595,0.175,0.14,0.026,1.736,Middle East and North Africa
274,2021,Namibia,4.574,4.7,4.448,0.882,0.801,0.262,0.411,0.091,0.059,2.068,Sub-Saharan Africa
275,2021,Palestinian Territories,4.517,4.649,4.384,0.646,0.819,0.434,0.33,0.082,0.075,2.131,Middle East and North Africa
276,2021,Myanmar,4.426,4.527,4.324,0.666,0.713,0.341,0.601,0.52,0.178,1.407,Southeast Asia
277,2021,Jordan,4.395,4.516,4.273,0.89,0.685,0.583,0.455,0.079,0.15,1.553,Middle East and North Africa
278,2021,Chad,4.355,4.54,4.171,0.255,0.353,0.0,0.24,0.215,0.084,3.209,Sub-Saharan Africa
279,2021,Sri Lanka,4.325,4.454,4.196,0.99,0.82,0.593,0.559,0.239,0.049,1.075,South Asia
280,2021,Swaziland,4.308,4.448,4.168,0.849,0.693,0.074,0.323,0.067,0.147,2.155,Sub-Saharan Africa
281,2021,Comoros,4.289,4.454,4.123,0.488,0.367,0.279,0.202,0.241,0.101,2.61,Sub-Saharan Africa
282,2021,Egypt,4.283,4.371,4.195,0.954,0.647,0.426,0.446,0.069,0.092,1.648,Middle East and North Africa
283,2021,Ethiopia,4.275,4.374,4.175,0.37,0.679,0.331,0.451,0.241,0.114,2.089,Sub-Saharan Africa
284,2021,Mauritania,4.227,4.365,4.09,0.666,0.749,0.273,0.218,0.119,0.133,2.069,Sub-Saharan Africa
285,2021,Madagascar,4.208,4.349,4.068,0.266,0.503,0.341,0.207,0.185,0.087,2.62,Sub-Saharan Africa
286,2021,Togo,4.107,4.258,3.956,0.254,0.239,0.203,0.289,0.209,0.107,2.806,Sub-Saharan Africa
287,2021,Zambia,4.073,4.209,3.938,0.528,0.552,0.231,0.487,0.227,0.074,1.975,Sub-Saharan Africa
288,2021,Sierra Leone,3.849,4.001,3.698,0.279,0.377,0.1,0.408,0.243,0.047,2.396,Sub-Saharan Africa
289,2021,India,3.819,3.869,3.769,0.741,0.316,0.383,0.622,0.246,0.106,1.405,South Asia
290,2021,Burundi,3.775,3.985,3.565,0.0,0.062,0.155,0.298,0.172,0.212,2.876,Sub-Saharan Africa
291,2021,Yemen,3.658,3.794,3.521,0.329,0.831,0.272,0.268,0.092,0.089,1.776,Middle East and North Africa
292,2021,Tanzania,3.623,3.762,3.485,0.433,0.54,0.3,0.549,0.307,0.231,1.263,Sub-Saharan Africa
293,2021,Haiti,3.615,3.953,3.276,0.294,0.173,0.227,0.257,0.463,0.139,2.06,Latin America and Caribbean
294,2021,Malawi,3.6,3.781,3.419,0.113,0.168,0.298,0.484,0.213,0.134,2.19,Sub-Saharan Africa
295,2021,Lesotho,3.512,3.748,3.276,0.451,0.731,0.007,0.405,0.103,0.015,1.8,Sub-Saharan Africa
296,2021,Botswana,3.467,3.611,3.322,1.099,0.724,0.34,0.539,0.027,0.088,0.648,Sub-Saharan Africa
297,2021,Rwanda,3.415,3.548,3.282,0.364,0.202,0.407,0.627,0.227,0.493,1.095,Sub-Saharan Africa
298,2021,Zimbabwe,3.145,3.259,3.03,0.457,0.649,0.243,0.359,0.157,0.075,1.205,Sub-Saharan Africa
299,2021,Afghanistan,2.523,2.596,2.449,0.37,0.0,0.126,0.0,0.122,0.01,1.895,South Asia
300,2022,Finland,7.821,7.886,7.756,1.892,1.258,0.775,0.736,0.109,0.534,2.518,Western Europe
301,2022,Denmark,7.636,7.71,7.563,1.953,1.243,0.777,0.719,0.188,0.532,2.226,Western Europe
302,2022,Iceland,7.557,7.651,7.464,1.936,1.32,0.803,0.718,0.27,0.191,2.32,Western Europe
303,2022,Switzerland,7.512,7.586,7.437,2.026,1.226,0.822,0.677,0.147,0.461,2.153,Western Europe
304,2022,Netherlands,7.415,7.471,7.359,1.945,1.206,0.787,0.651,0.271,0.419,2.137,Western Europe
305,2022,Luxembourg,7.404,7.501,7.307,2.209,1.155,0.79,0.7,0.12,0.388,2.042,Western Europe
306,2022,Sweden,7.384,7.454,7.315,1.92,1.204,0.803,0.724,0.218,0.512,2.003,Western Europe
307,2022,Norway,7.365,7.44,7.29,1.997,1.239,0.786,0.728,0.217,0.474,1.925,Western Europe
308,2022,Israel,7.364,7.426,7.301,1.826,1.221,0.818,0.568,0.155,0.143,2.634,Middle East and North Africa
309,2022,New Zealand,7.2,7.279,7.12,1.852,1.235,0.752,0.68,0.245,0.483,1.954,North America and ANZ
310,2022,Austria,7.163,7.237,7.089,1.931,1.165,0.774,0.623,0.193,0.329,2.148,Western Europe
311,2022,Australia,7.162,7.244,7.081,1.9,1.203,0.772,0.676,0.258,0.341,2.011,North America and ANZ
312,2022,Ireland,7.041,7.121,6.961,2.129,1.166,0.779,0.627,0.19,0.408,1.743,Western Europe
313,2022,Germany,7.034,7.122,6.947,1.924,1.088,0.776,0.585,0.163,0.358,2.142,Western Europe
314,2022,Canada,7.025,7.107,6.943,1.886,1.188,0.783,0.659,0.217,0.368,1.924,North America and ANZ
315,2022,United States,6.977,7.065,6.888,1.982,1.182,0.628,0.574,0.22,0.177,2.214,North America and ANZ
316,2022,United Kingdom,6.943,7.018,6.867,1.867,1.143,0.75,0.597,0.289,0.329,1.967,Western Europe
317,2022,Czechia,6.92,7.029,6.811,1.815,1.26,0.715,0.66,0.158,0.048,2.263,Commonwealth of Independent States
318,2022,Belgium,6.805,6.89,6.72,1.907,1.106,0.764,0.492,0.049,0.204,2.283,Western Europe
319,2022,France,6.687,6.758,6.615,1.863,1.219,0.808,0.567,0.07,0.266,1.895,Western Europe
320,2022,Bahrain,6.647,6.779,6.514,1.854,1.029,0.625,0.693,0.199,0.155,2.092,Middle East and North Africa
321,2022,Slovenia,6.63,6.718,6.542,1.81,1.249,0.769,0.685,0.118,0.115,1.885,Central and Eastern Europe
322,2022,Costa Rica,6.582,6.683,6.481,1.584,1.054,0.744,0.661,0.089,0.102,2.346,Latin America and Caribbean
323,2022,United Arab Emirates,6.576,6.66,6.492,1.998,0.98,0.633,0.702,0.204,0.25,1.809,Middle East and North Africa
324,2022,Saudi Arabia,6.523,6.637,6.409,1.87,1.092,0.577,0.651,0.078,0.18,2.075,Middle East and North Africa
325,2022,Taiwan Province of China,6.512,6.596,6.429,1.897,1.095,0.733,0.542,0.075,0.168,2.002,East Asia
326,2022,Singapore,6.48,6.569,6.392,2.149,1.127,0.851,0.672,0.163,0.587,0.932,Southeast Asia
327,2022,Romania,6.477,6.575,6.379,1.719,1.006,0.655,0.605,0.039,0.006,2.446,Central and Eastern Europe
328,2022,Spain,6.476,6.56,6.392,1.808,1.211,0.808,0.505,0.101,0.149,1.893,Western Europe
329,2022,Uruguay,6.474,6.562,6.386,1.615,1.18,0.672,0.665,0.103,0.265,1.974,Latin America and Caribbean
330,2022,Italy,6.467,6.57,6.363,1.834,1.052,0.801,0.412,0.085,0.059,2.222,Western Europe
331,2022,Kosovo,6.455,6.571,6.339,1.362,0.949,0.569,0.599,0.309,0.035,2.631,Central and Eastern Europe
332,2022,Malta,6.447,6.535,6.359,1.838,1.169,0.789,0.679,0.174,0.166,1.631,Western Europe
333,2022,Lithuania,6.446,6.535,6.356,1.804,1.204,0.659,0.496,0.053,0.077,2.153,Central and Eastern Europe
334,2022,Slovakia,6.391,6.475,6.306,1.736,1.232,0.707,0.479,0.118,0.025,2.094,Central and Eastern Europe
335,2022,Estonia,6.341,6.415,6.266,1.793,1.232,0.728,0.689,0.123,0.333,1.442,Central and Eastern Europe
336,2022,Panama,6.309,6.464,6.154,1.715,1.107,0.709,0.592,0.049,0.051,2.086,Latin America and Caribbean
337,2022,Brazil,6.293,6.384,6.202,1.462,1.044,0.615,0.546,0.131,0.134,2.361,Latin America and Caribbean
338,2022,Guatemala,6.262,6.46,6.064,1.274,0.831,0.522,0.662,0.112,0.115,2.746,Latin America and Caribbean
339,2022,Kazakhstan,6.234,6.33,6.138,1.668,1.22,0.611,0.584,0.134,0.157,1.86,Commonwealth of Independent States
340,2022,Cyprus,6.221,6.32,6.122,1.815,0.909,0.819,0.448,0.123,0.062,2.044,Western Europe
341,2022,Latvia,6.18,6.255,6.106,1.732,1.221,0.637,0.502,0.075,0.09,1.923,Central and Eastern Europe
342,2022,Serbia,6.178,6.294,6.062,1.55,1.086,0.658,0.546,0.219,0.088,2.031,Central and Eastern Europe
343,2022,Chile,6.172,6.262,6.082,1.651,1.08,0.748,0.46,0.124,0.069,2.04,Latin America and Caribbean
344,2022,Nicaragua,6.165,6.312,6.017,1.105,1.029,0.617,0.617,0.168,0.212,2.418,Latin America and Caribbean
345,2022,Mexico,6.128,6.238,6.017,1.552,0.886,0.623,0.621,0.092,0.115,2.239,Latin America and Caribbean
346,2022,Croatia,6.125,6.229,6.022,1.705,1.183,0.709,0.535,0.109,0.0,1.884,Central and Eastern Europe
347,2022,Poland,6.123,6.205,6.04,1.758,1.174,0.712,0.523,0.124,0.14,1.693,Central and Eastern Europe
348,2022,El Salvador,6.12,6.25,5.99,1.265,0.768,0.607,0.666,0.089,0.212,2.514,Latin America and Caribbean
349,2022,Kuwait,6.106,6.235,5.977,1.904,0.983,0.747,0.617,0.087,0.147,1.621,Middle East and North Africa
350,2022,Hungary,6.086,6.187,5.985,1.748,1.233,0.668,0.485,0.078,0.064,1.812,Central and Eastern Europe
351,2022,Mauritius,6.071,6.184,5.958,1.591,1.116,0.568,0.589,0.131,0.107,1.969,Sub-Saharan Africa
352,2022,Uzbekistan,6.063,6.178,5.948,1.219,1.092,0.6,0.716,0.283,0.24,1.913,Commonwealth of Independent States
353,2022,Japan,6.039,6.119,5.959,1.835,1.089,0.866,0.537,0.007,0.218,1.487,East Asia
354,2022,Honduras,6.022,6.189,5.855,1.111,0.885,0.555,0.582,0.202,0.076,2.611,Latin America and Caribbean
355,2022,Portugal,6.016,6.122,5.911,1.76,1.078,0.777,0.655,0.016,0.039,1.691,Western Europe
356,2022,Argentina,5.967,6.09,5.844,1.592,1.102,0.662,0.555,0.081,0.085,1.891,Latin America and Caribbean
357,2022,Greece,5.948,6.043,5.853,1.703,0.98,0.774,0.249,0.015,0.108,2.119,Western Europe
358,2022,South Korea,5.935,6.021,5.849,1.851,0.886,0.841,0.414,0.111,0.176,1.656,East Asia
359,2022,Philippines,5.904,6.007,5.8,1.268,0.912,0.514,0.678,0.107,0.142,2.283,Southeast Asia
360,2022,Thailand,5.891,5.994,5.788,1.535,1.096,0.697,0.617,0.321,0.026,1.6,Southeast Asia
361,2022,Moldova,5.857,5.948,5.766,1.417,1.008,0.597,0.561,0.102,0.028,2.142,Commonwealth of Independent States
362,2022,Jamaica,5.85,6.023,5.676,1.296,1.045,0.646,0.567,0.08,0.053,2.164,Latin America and Caribbean
363,2022,Kyrgyzstan,5.828,5.916,5.741,1.069,1.109,0.638,0.693,0.208,0.025,2.087,Commonwealth of Independent States
364,2022,Belarus,5.821,5.95,5.693,1.562,1.157,0.629,0.342,0.04,0.282,1.811,Commonwealth of Independent States
365,2022,Colombia,5.781,5.903,5.659,1.452,0.929,0.72,0.545,0.087,0.077,1.971,Latin America and Caribbean
366,2022,Bosnia and Herzegovina,5.768,5.877,5.659,1.468,1.068,0.665,0.448,0.244,0.006,1.869,Central and Eastern Europe
367,2022,Mongolia,5.761,5.845,5.676,1.393,1.197,0.467,0.398,0.247,0.059,1.999,East Asia
368,2022,Dominican Republic,5.737,5.873,5.601,1.538,1.003,0.577,0.606,0.084,0.179,1.751,Latin America and Caribbean
369,2022,Malaysia,5.711,5.845,5.578,1.689,0.938,0.62,0.654,0.213,0.126,1.471,Southeast Asia
370,2022,Bolivia,5.6,5.709,5.491,1.256,0.88,0.555,0.627,0.112,0.064,2.107,Latin America and Caribbean
371,2022,China,5.585,5.65,5.52,1.508,0.958,0.705,0.656,0.099,0.142,1.516,East Asia
372,2022,Paraguay,5.578,5.689,5.467,1.409,1.13,0.624,0.629,0.171,0.059,1.555,Latin America and Caribbean
373,2022,Peru,5.559,5.679,5.439,1.397,0.865,0.735,0.545,0.09,0.037,1.89,Latin America and Caribbean
374,2022,Montenegro,5.547,5.681,5.413,1.573,1.023,0.659,0.46,0.135,0.077,1.619,Central and Eastern Europe
375,2022,Ecuador,5.533,5.653,5.414,1.352,0.879,0.708,0.565,0.08,0.083,1.866,Latin America and Caribbean
376,2022,Vietnam,5.485,5.57,5.4,1.252,0.932,0.611,0.707,0.143,0.105,1.735,Southeast Asia
377,2022,Turkmenistan,5.474,5.578,5.371,1.484,1.319,0.516,0.649,0.314,0.032,1.16,Commonwealth of Independent States
378,2022,North Cyprus,5.467,5.609,5.325,1.815,0.888,0.819,0.523,0.13,0.213,1.078,Western Europe
379,2022,Russia,5.459,5.525,5.392,1.685,1.095,0.586,0.401,0.117,0.08,1.494,Commonwealth of Independent States
380,2022,Hong Kong S.A.R. of China,5.425,5.501,5.348,1.957,0.954,0.942,0.4,0.147,0.383,0.642,East Asia
381,2022,Armenia,5.399,5.519,5.278,1.434,0.82,0.668,0.558,0.054,0.21,1.654,Commonwealth of Independent States
382,2022,Tajikistan,5.377,5.468,5.287,0.966,1.005,0.518,0.572,0.118,0.304,1.895,Commonwealth of Independent States
383,2022,Nepal,5.377,5.502,5.251,0.984,0.784,0.499,0.519,0.237,0.13,2.224,South Asia
384,2022,Bulgaria,5.371,5.485,5.257,1.625,1.163,0.64,0.563,0.123,0.021,1.235,Central and Eastern Europe
385,2022,Libya,5.33,5.543,5.118,1.476,0.943,0.606,0.477,0.106,0.179,1.544,Middle East and North Africa
386,2022,Indonesia,5.24,5.341,5.139,1.382,0.883,0.539,0.62,0.468,0.047,1.3,Southeast Asia
387,2022,Ivory Coast,5.235,5.384,5.085,1.094,0.442,0.322,0.451,0.149,0.124,2.652,Sub-Saharan Africa
388,2022,North Macedonia,5.199,5.303,5.095,1.505,0.863,0.637,0.488,0.215,0.031,1.461,Central and Eastern Europe
389,2022,Albania,5.199,5.321,5.076,1.439,0.646,0.719,0.511,0.138,0.028,1.718,Central and Eastern Europe
390,2022,South Africa,5.194,5.315,5.073,1.425,1.088,0.361,0.442,0.089,0.046,1.742,Sub-Saharan Africa
391,2022,Azerbaijan,5.173,5.265,5.082,1.458,1.093,0.56,0.601,0.023,0.341,1.098,Commonwealth of Independent States
392,2022,Gambia,5.164,5.409,4.918,0.785,0.621,0.369,0.367,0.388,0.103,2.531,Sub-Saharan Africa
393,2022,Bangladesh,5.155,5.262,5.049,1.06,0.614,0.581,0.622,0.125,0.187,1.967,South Asia
394,2022,Laos,5.14,5.263,5.018,1.239,0.654,0.479,0.679,0.197,0.184,1.709,Southeast Asia
395,2022,Algeria,5.122,5.215,5.03,1.363,0.97,0.643,0.146,0.106,0.15,1.744,Middle East and North Africa
396,2022,Liberia,5.122,5.428,4.815,0.636,0.67,0.309,0.405,0.178,0.08,2.844,Sub-Saharan Africa
397,2022,Ukraine,5.084,5.19,4.978,1.411,1.081,0.583,0.473,0.188,0.017,1.331,Commonwealth of Independent States
398,2022,Congo (Kinshasa),5.075,5.235,4.915,0.95,0.405,0.355,0.431,0.13,0.146,2.658,Sub-Saharan Africa
399,2022,Morocco,5.06,5.181,4.938,1.208,0.268,0.565,0.492,0.02,0.102,2.405,Middle East and North Africa
400,2022,Mozambique,5.048,5.273,4.823,0.578,0.66,0.191,0.593,0.185,0.2,2.641,Sub-Saharan Africa
401,2022,Cameroon,5.048,5.188,4.907,0.968,0.672,0.317,0.397,0.152,0.074,2.469,Sub-Saharan Africa
402,2022,Senegal,5.046,5.171,4.921,0.933,0.53,0.447,0.494,0.143,0.081,2.419,Sub-Saharan Africa
403,2022,Niger,5.003,5.247,4.76,0.57,0.56,0.326,0.571,0.165,0.145,2.667,Sub-Saharan Africa
404,2022,Georgia,4.973,5.079,4.867,1.467,0.612,0.595,0.508,0.0,0.208,1.583,Commonwealth of Independent States
405,2022,Gabon,4.958,5.091,4.826,1.459,0.738,0.396,0.343,0.032,0.099,1.892,Sub-Saharan Africa
406,2022,Iraq,4.941,5.099,4.783,1.289,0.682,0.554,0.328,0.147,0.046,1.894,Middle East and North Africa
407,2022,Venezuela,4.925,5.051,4.8,0.0,0.968,0.578,0.283,0.225,0.082,2.79,Latin America and Caribbean
408,2022,Guinea,4.891,5.028,4.753,0.848,0.566,0.275,0.334,0.214,0.116,2.538,Sub-Saharan Africa
409,2022,Iran,4.888,4.995,4.78,1.41,0.741,0.642,0.281,0.241,0.146,1.427,Middle East and North Africa
410,2022,Ghana,4.872,4.999,4.745,1.112,0.595,0.409,0.5,0.23,0.056,1.972,Sub-Saharan Africa
411,2022,Turkey,4.744,4.845,4.644,1.707,0.865,0.702,0.209,0.087,0.115,1.059,Middle East and North Africa
412,2022,Burkina Faso,4.67,4.814,4.527,0.779,0.565,0.32,0.382,0.186,0.126,2.313,Sub-Saharan Africa
413,2022,Cambodia,4.64,4.765,4.516,1.019,0.732,0.505,0.74,0.166,0.068,1.41,Southeast Asia
414,2022,Benin,4.623,4.754,4.492,0.932,0.064,0.335,0.479,0.127,0.23,2.458,Sub-Saharan Africa
415,2022,Comoros,4.609,4.849,4.368,0.899,0.476,0.424,0.185,0.195,0.125,2.304,Sub-Saharan Africa
416,2022,Uganda,4.603,4.747,4.459,0.777,0.875,0.418,0.402,0.222,0.066,1.842,Sub-Saharan Africa
417,2022,Nigeria,4.552,4.651,4.453,1.079,0.732,0.3,0.444,0.175,0.038,1.784,Sub-Saharan Africa
418,2022,Kenya,4.543,4.683,4.403,1.032,0.605,0.401,0.44,0.322,0.082,1.661,Sub-Saharan Africa
419,2022,Tunisia,4.516,4.629,4.403,1.35,0.596,0.656,0.316,0.029,0.029,1.54,Middle East and North Africa
420,2022,Pakistan,4.516,4.634,4.397,1.049,0.413,0.374,0.448,0.181,0.112,1.94,South Asia
421,2022,Palestinian Territories,4.483,4.665,4.3,1.148,0.957,0.521,0.336,0.073,0.079,1.368,Middle East and North Africa
422,2022,Mali,4.479,4.611,4.347,0.792,0.483,0.311,0.35,0.128,0.042,2.373,Sub-Saharan Africa
423,2022,Namibia,4.459,4.593,4.326,1.292,0.877,0.354,0.384,0.067,0.071,1.414,Sub-Saharan Africa
424,2022,Swaziland,4.396,4.607,4.185,1.274,0.786,0.197,0.259,0.038,0.154,1.688,Sub-Saharan Africa
425,2022,Myanmar,4.394,4.511,4.277,1.038,0.829,0.491,0.513,0.452,0.194,0.877,Southeast Asia
426,2022,Sri Lanka,4.362,4.487,4.237,1.415,0.934,0.66,0.529,0.15,0.079,0.595,South Asia
427,2022,Madagascar,4.339,4.53,4.148,0.67,0.645,0.378,0.202,0.143,0.154,2.148,Sub-Saharan Africa
428,2022,Egypt,4.288,4.377,4.198,1.388,0.732,0.548,0.469,0.041,0.254,0.856,Middle East and North Africa
429,2022,Chad,4.251,4.503,3.999,0.662,0.506,0.225,0.18,0.182,0.077,2.419,Sub-Saharan Africa
430,2022,Ethiopia,4.241,4.365,4.118,0.788,0.809,0.457,0.472,0.205,0.136,1.375,Sub-Saharan Africa
431,2022,Yemen,4.197,4.384,4.01,0.691,1.043,0.384,0.33,0.09,0.098,1.561,Middle East and North Africa
432,2022,Mauritania,4.153,4.356,3.95,1.1,0.865,0.45,0.304,0.088,0.138,1.207,Sub-Saharan Africa
433,2022,Jordan,4.152,4.276,4.029,1.324,0.724,0.675,0.476,0.058,0.2,0.695,Middle East and North Africa
434,2022,Togo,4.112,4.272,3.953,0.771,0.322,0.36,0.292,0.174,0.132,2.061,Sub-Saharan Africa
435,2022,India,3.777,3.828,3.726,1.167,0.376,0.471,0.647,0.198,0.123,0.795,South Asia
436,2022,Zambia,3.76,3.902,3.618,0.93,0.577,0.306,0.525,0.203,0.083,1.135,Sub-Saharan Africa
437,2022,Malawi,3.75,3.941,3.56,0.648,0.279,0.388,0.477,0.14,0.157,1.661,Sub-Saharan Africa
438,2022,Tanzania,3.702,3.847,3.558,0.848,0.597,0.425,0.578,0.248,0.27,0.735,Sub-Saharan Africa
439,2022,Sierra Leone,3.574,3.732,3.416,0.686,0.416,0.273,0.387,0.202,0.055,1.556,Sub-Saharan Africa
440,2022,Lesotho,3.512,3.748,3.276,0.839,0.848,0.0,0.419,0.076,0.018,1.312,Sub-Saharan Africa
441,2022,Botswana,3.471,3.667,3.275,1.503,0.815,0.28,0.571,0.012,0.102,0.187,Sub-Saharan Africa
442,2022,Rwanda,3.268,3.462,3.074,0.785,0.133,0.462,0.621,0.187,0.544,0.536,Sub-Saharan Africa
443,2022,Zimbabwe,2.995,3.11,2.88,0.947,0.69,0.27,0.329,0.106,0.105,0.548,Sub-Saharan Africa
444,2022,Lebanon,2.955,3.049,2.862,1.392,0.498,0.631,0.103,0.082,0.034,0.216,Middle East and North Africa
445,2022,Afghanistan,2.404,2.469,2.339,0.758,0.0,0.289,0.0,0.089,0.005,1.263,South Asia
446,2023,Finland,7.804,7.875,7.733,1.888,1.585,0.535,0.772,0.126,0.535,2.363,Western Europe
447,2023,Denmark,7.586,7.667,7.506,1.949,1.548,0.537,0.734,0.208,0.525,2.084,Western Europe
448,2023,Iceland,7.53,7.625,7.434,1.926,1.62,0.559,0.738,0.25,0.187,2.25,Western Europe
449,2023,Israel,7.473,7.535,7.411,1.833,1.521,0.577,0.569,0.124,0.158,2.691,Middle East and North Africa
450,2023,Netherlands,7.403,7.46,7.346,1.942,1.488,0.545,0.672,0.251,0.394,2.11,Western Europe
451,2023,Sweden,7.395,7.468,7.322,1.921,1.51,0.562,0.754,0.225,0.52,1.903,Western Europe
452,2023,Norway,7.315,7.402,7.229,1.994,1.521,0.544,0.752,0.212,0.463,1.829,Western Europe
453,2023,Switzerland,7.24,7.324,7.156,2.022,1.463,0.582,0.678,0.151,0.475,1.87,Western Europe
454,2023,Luxembourg,7.228,7.363,7.093,2.2,1.357,0.549,0.71,0.149,0.418,1.845,Western Europe
455,2023,New Zealand,7.123,7.198,7.048,1.842,1.544,0.513,0.672,0.23,0.471,1.852,North America and ANZ
456,2023,Austria,7.097,7.176,7.018,1.927,1.382,0.535,0.63,0.191,0.31,2.124,Western Europe
457,2023,Australia,7.095,7.18,7.009,1.899,1.497,0.532,0.677,0.242,0.31,1.938,North America and ANZ
458,2023,Canada,6.961,7.042,6.879,1.881,1.484,0.541,0.656,0.218,0.364,1.815,North America and ANZ
459,2023,Ireland,6.911,6.996,6.825,2.152,1.425,0.539,0.656,0.186,0.409,1.545,Western Europe
460,2023,United States,6.894,6.986,6.802,1.98,1.46,0.39,0.557,0.21,0.172,2.124,North America and ANZ
461,2023,Germany,6.892,6.989,6.795,1.919,1.401,0.539,0.618,0.153,0.365,1.898,Western Europe
462,2023,Belgium,6.859,6.926,6.793,1.907,1.449,0.528,0.59,0.137,0.273,1.976,Western Europe
463,2023,Czechia,6.845,6.931,6.759,1.823,1.544,0.477,0.693,0.158,0.05,2.099,Commonwealth of Independent States
464,2023,United Kingdom,6.796,6.877,6.714,1.857,1.366,0.511,0.626,0.272,0.34,1.822,Western Europe
465,2023,Lithuania,6.763,6.849,6.677,1.808,1.511,0.432,0.487,0.059,0.089,2.377,Central and Eastern Europe
466,2023,France,6.661,6.735,6.588,1.856,1.433,0.566,0.582,0.083,0.27,1.872,Western Europe
467,2023,Slovenia,6.65,6.75,6.55,1.815,1.539,0.532,0.707,0.144,0.113,1.799,Central and Eastern Europe
468,2023,Costa Rica,6.609,6.71,6.507,1.587,1.34,0.503,0.683,0.099,0.116,2.281,Latin America and Caribbean
469,2023,Romania,6.589,6.69,6.488,1.726,1.28,0.423,0.631,0.044,0.0,2.485,Central and Eastern Europe
470,2023,Singapore,6.587,6.72,6.454,2.168,1.354,0.607,0.66,0.17,0.561,1.067,Southeast Asia
471,2023,United Arab Emirates,6.571,6.656,6.486,2.015,1.223,0.401,0.745,0.188,0.247,1.752,Middle East and North Africa
472,2023,Taiwan Province of China,6.535,6.627,6.444,1.89,1.372,0.492,0.562,0.067,0.178,1.974,East Asia
473,2023,Uruguay,6.494,6.583,6.404,1.617,1.445,0.435,0.683,0.102,0.254,1.958,Latin America and Caribbean
474,2023,Slovakia,6.469,6.578,6.36,1.731,1.544,0.472,0.494,0.128,0.022,2.078,Central and Eastern Europe
475,2023,Saudi Arabia,6.463,6.581,6.344,1.861,1.37,0.351,0.682,0.093,0.17,1.936,Middle East and North Africa
476,2023,Estonia,6.455,6.534,6.377,1.798,1.526,0.494,0.728,0.153,0.372,1.383,Central and Eastern Europe
477,2023,Spain,6.436,6.519,6.354,1.798,1.491,0.567,0.533,0.101,0.157,1.789,Western Europe
478,2023,Italy,6.405,6.511,6.298,1.832,1.365,0.559,0.438,0.097,0.063,2.052,Western Europe
479,2023,Kosovo,6.368,6.485,6.25,1.374,1.269,0.372,0.639,0.275,0.045,2.393,Central and Eastern Europe
480,2023,Chile,6.334,6.424,6.243,1.645,1.384,0.511,0.546,0.131,0.076,2.04,Latin America and Caribbean
481,2023,Mexico,6.33,6.441,6.218,1.55,1.169,0.389,0.632,0.086,0.115,2.389,Latin America and Caribbean
482,2023,Malta,6.3,6.388,6.212,1.841,1.468,0.547,0.671,0.2,0.143,1.429,Western Europe
483,2023,Panama,6.265,6.424,6.105,1.714,1.402,0.475,0.63,0.065,0.036,1.943,Latin America and Caribbean
484,2023,Poland,6.26,6.343,6.177,1.767,1.474,0.477,0.511,0.12,0.139,1.772,Central and Eastern Europe
485,2023,Nicaragua,6.259,6.408,6.109,1.109,1.292,0.385,0.66,0.148,0.218,2.448,Latin America and Caribbean
486,2023,Latvia,6.213,6.295,6.131,1.737,1.505,0.405,0.58,0.107,0.071,1.808,Central and Eastern Europe
487,2023,Bahrain,6.173,6.369,5.977,1.883,1.269,0.389,0.748,0.199,0.138,1.546,Middle East and North Africa
488,2023,Guatemala,6.15,6.362,5.939,1.287,1.188,0.31,0.631,0.106,0.066,2.562,Latin America and Caribbean
489,2023,Kazakhstan,6.144,6.239,6.049,1.664,1.491,0.389,0.628,0.136,0.149,1.688,Commonwealth of Independent States
490,2023,Serbia,6.144,6.299,5.988,1.552,1.343,0.424,0.617,0.246,0.081,1.881,Central and Eastern Europe
491,2023,Cyprus,6.13,6.236,6.024,1.824,1.224,0.58,0.455,0.104,0.05,1.893,Western Europe
492,2023,Japan,6.129,6.211,6.047,1.825,1.396,0.622,0.556,0.009,0.207,1.513,East Asia
493,2023,Croatia,6.125,6.237,6.013,1.727,1.455,0.475,0.5,0.087,0.003,1.88,Central and Eastern Europe
494,2023,Brazil,6.125,6.252,5.997,1.454,1.25,0.387,0.558,0.131,0.137,2.205,Latin America and Caribbean
495,2023,El Salvador,6.122,6.257,5.986,1.278,1.044,0.383,0.713,0.079,0.222,2.403,Latin America and Caribbean
496,2023,Hungary,6.041,6.149,5.933,1.754,1.519,0.435,0.501,0.105,0.065,1.663,Central and Eastern Europe
497,2023,Argentina,6.024,6.147,5.9,1.59,1.388,0.427,0.587,0.088,0.082,1.861,Latin America and Caribbean
498,2023,Honduras,6.023,6.196,5.849,1.115,1.072,0.341,0.613,0.189,0.062,2.631,Latin America and Caribbean
499,2023,Uzbekistan,6.014,6.13,5.899,1.227,1.347,0.375,0.74,0.26,0.208,1.856,Commonwealth of Independent States
500,2023,Malaysia,6.012,6.167,5.858,1.665,1.155,0.385,0.659,0.222,0.122,1.804,Southeast Asia
501,2023,Portugal,5.968,6.076,5.86,1.758,1.356,0.537,0.693,0.031,0.037,1.556,Western Europe
502,2023,South Korea,5.951,6.04,5.862,1.853,1.188,0.603,0.446,0.112,0.163,1.587,East Asia
503,2023,Greece,5.931,6.024,5.838,1.708,1.247,0.535,0.248,0.008,0.097,2.089,Western Europe
504,2023,Mauritius,5.902,6.013,5.791,1.589,1.382,0.336,0.574,0.121,0.11,1.79,Sub-Saharan Africa
505,2023,Thailand,5.843,5.969,5.717,1.515,1.344,0.461,0.624,0.291,0.013,1.594,Southeast Asia
506,2023,Mongolia,5.84,5.93,5.75,1.379,1.494,0.244,0.425,0.239,0.058,2.001,East Asia
507,2023,Kyrgyzstan,5.825,5.913,5.737,1.061,1.439,0.417,0.735,0.234,0.018,1.92,Commonwealth of Independent States
508,2023,Moldova,5.819,5.922,5.717,1.425,1.302,0.375,0.61,0.093,0.02,1.995,Commonwealth of Independent States
509,2023,China,5.818,5.905,5.731,1.51,1.249,0.468,0.666,0.115,0.145,1.666,East Asia
510,2023,Vietnam,5.763,5.865,5.662,1.349,1.212,0.381,0.741,0.134,0.122,1.824,Southeast Asia
511,2023,Paraguay,5.738,5.851,5.625,1.428,1.427,0.392,0.678,0.148,0.062,1.604,Latin America and Caribbean
512,2023,Montenegro,5.722,5.941,5.503,1.537,1.385,0.424,0.563,0.17,0.061,1.581,Central and Eastern Europe
513,2023,Jamaica,5.703,5.876,5.529,1.305,1.329,0.411,0.587,0.079,0.039,1.954,Latin America and Caribbean
514,2023,Bolivia,5.684,5.797,5.572,1.24,1.187,0.329,0.648,0.103,0.06,2.118,Latin America and Caribbean
515,2023,Russia,5.661,5.734,5.588,1.68,1.383,0.366,0.449,0.12,0.091,1.572,Commonwealth of Independent States
516,2023,Bosnia and Herzegovina,5.633,5.775,5.49,1.467,1.361,0.429,0.485,0.247,0.008,1.635,Central and Eastern Europe
517,2023,Colombia,5.63,5.747,5.514,1.455,1.213,0.486,0.562,0.08,0.068,1.765,Latin America and Caribbean
518,2023,Dominican Republic,5.569,5.712,5.426,1.536,1.227,0.351,0.623,0.083,0.195,1.553,Latin America and Caribbean
519,2023,Ecuador,5.559,5.682,5.436,1.343,1.173,0.476,0.56,0.079,0.069,1.86,Latin America and Caribbean
520,2023,Peru,5.526,5.64,5.412,1.39,1.153,0.499,0.549,0.073,0.027,1.835,Latin America and Caribbean
521,2023,Philippines,5.523,5.675,5.371,1.238,1.108,0.286,0.714,0.104,0.141,1.931,Southeast Asia
522,2023,Bulgaria,5.466,5.582,5.35,1.635,1.457,0.408,0.557,0.106,0.013,1.289,Central and Eastern Europe
523,2023,Nepal,5.36,5.507,5.214,0.979,1.027,0.281,0.567,0.215,0.104,2.187,South Asia
524,2023,Armenia,5.342,5.47,5.213,1.466,1.134,0.443,0.551,0.053,0.16,1.534,Commonwealth of Independent States
525,2023,Tajikistan,5.33,5.452,5.207,0.972,1.248,0.291,0.599,0.104,0.292,1.823,Commonwealth of Independent States
526,2023,Algeria,5.329,5.451,5.207,1.353,1.298,0.409,0.252,0.073,0.152,1.791,Middle East and North Africa
527,2023,Hong Kong S.A.R. of China,5.308,5.403,5.214,1.951,1.201,0.702,0.407,0.123,0.39,0.535,East Asia
528,2023,Albania,5.277,5.406,5.148,1.449,0.951,0.48,0.549,0.133,0.037,1.678,Central and Eastern Europe
529,2023,Indonesia,5.277,5.392,5.161,1.384,1.169,0.314,0.663,0.422,0.038,1.288,Southeast Asia
530,2023,South Africa,5.275,5.417,5.132,1.417,1.428,0.149,0.464,0.09,0.019,1.708,Sub-Saharan Africa
531,2023,North Macedonia,5.254,5.361,5.146,1.498,1.171,0.408,0.515,0.207,0.02,1.435,Central and Eastern Europe
532,2023,Venezuela,5.211,5.336,5.085,0.0,1.257,0.341,0.369,0.205,0.084,2.955,Latin America and Caribbean
533,2023,Laos,5.111,5.269,4.952,1.232,0.853,0.257,0.715,0.185,0.162,1.707,Southeast Asia
534,2023,Georgia,5.109,5.219,5.0,1.477,0.947,0.366,0.539,0.0,0.201,1.58,Commonwealth of Independent States
535,2023,Guinea,5.072,5.213,4.931,0.844,0.776,0.072,0.369,0.204,0.102,2.705,Sub-Saharan Africa
536,2023,Ukraine,5.071,5.187,4.956,1.358,1.354,0.355,0.551,0.265,0.016,1.172,Commonwealth of Independent States
537,2023,Ivory Coast,5.053,5.198,4.907,1.094,0.584,0.12,0.467,0.138,0.131,2.519,Sub-Saharan Africa
538,2023,Gabon,5.035,5.175,4.894,1.438,1.021,0.183,0.346,0.036,0.102,1.908,Sub-Saharan Africa
539,2023,Nigeria,4.981,5.136,4.825,1.065,1.007,0.092,0.448,0.176,0.013,2.181,Sub-Saharan Africa
540,2023,Cameroon,4.973,5.112,4.834,0.965,0.871,0.118,0.405,0.144,0.059,2.411,Sub-Saharan Africa
541,2023,Mozambique,4.954,5.181,4.727,0.57,0.885,0.0,0.625,0.161,0.192,2.519,Sub-Saharan Africa
542,2023,Iraq,4.941,5.099,4.783,1.281,0.953,0.324,0.351,0.134,0.038,1.861,Middle East and North Africa
543,2023,Palestinian Territories,4.908,5.089,4.727,1.144,1.309,,0.416,0.065,0.067,,Middle East and North Africa
544,2023,Morocco,4.903,5.023,4.783,1.236,0.535,0.337,0.54,0.013,0.085,2.158,Middle East and North Africa
545,2023,Iran,4.876,4.98,4.772,1.465,1.102,0.411,0.281,0.229,0.13,1.259,Middle East and North Africa
546,2023,Senegal,4.855,4.983,4.727,0.943,0.727,0.231,0.519,0.142,0.06,2.234,Sub-Saharan Africa
547,2023,Mauritania,4.724,5.011,4.437,1.099,0.764,0.244,0.32,0.13,0.195,1.973,Sub-Saharan Africa
548,2023,Burkina Faso,4.638,4.819,4.456,0.768,0.814,0.107,0.419,0.188,0.113,2.23,Sub-Saharan Africa
549,2023,Namibia,4.631,4.766,4.496,1.289,1.126,0.145,0.383,0.069,0.071,1.549,Sub-Saharan Africa
550,2023,Turkey,4.614,4.777,4.45,1.714,1.148,0.467,0.125,0.095,0.096,0.969,Middle East and North Africa
551,2023,Ghana,4.605,4.729,4.481,1.101,0.756,0.197,0.526,0.211,0.035,1.779,Sub-Saharan Africa
552,2023,Pakistan,4.555,4.707,4.404,1.081,0.657,0.158,0.511,0.141,0.102,1.907,South Asia
553,2023,Niger,4.501,4.712,4.291,0.561,0.628,0.137,0.54,0.154,0.14,2.341,Sub-Saharan Africa
554,2023,Tunisia,4.497,4.601,4.393,1.333,0.981,0.422,0.259,0.022,0.016,1.463,Middle East and North Africa
555,2023,Kenya,4.487,4.616,4.357,1.051,0.881,0.19,0.418,0.291,0.055,1.601,Sub-Saharan Africa
556,2023,Sri Lanka,4.442,4.603,4.28,1.422,1.224,0.426,0.539,0.12,0.086,0.625,South Asia
557,2023,Uganda,4.432,4.607,4.258,0.785,1.144,0.201,0.425,0.197,0.051,1.628,Sub-Saharan Africa
558,2023,Chad,4.397,4.633,4.16,0.622,0.962,0.043,0.393,0.255,0.088,2.034,Sub-Saharan Africa
559,2023,Cambodia,4.393,4.508,4.279,1.025,1.024,0.283,0.768,0.176,0.051,1.068,Southeast Asia
560,2023,Benin,4.374,4.504,4.244,0.924,0.242,0.124,0.481,0.114,0.253,2.235,Sub-Saharan Africa
561,2023,Myanmar,4.372,4.533,4.212,1.032,1.125,0.269,0.46,0.4,0.194,0.893,Southeast Asia
562,2023,Bangladesh,4.282,4.416,4.148,1.133,0.513,0.355,0.617,0.139,0.165,1.361,South Asia
563,2023,Gambia,4.279,4.484,4.075,0.761,0.614,0.174,0.286,0.332,0.033,2.081,Sub-Saharan Africa
564,2023,Mali,4.198,4.319,4.076,0.763,0.637,0.106,0.441,0.121,0.059,2.07,Sub-Saharan Africa
565,2023,Egypt,4.17,4.287,4.054,1.377,0.972,0.326,0.467,0.038,0.25,0.74,Middle East and North Africa
566,2023,Togo,4.137,4.289,3.986,0.77,0.642,0.161,0.367,0.149,0.136,1.913,Sub-Saharan Africa
567,2023,Jordan,4.12,4.242,3.997,1.292,0.98,0.438,0.517,0.056,0.173,0.663,Middle East and North Africa
568,2023,Ethiopia,4.091,4.273,3.908,0.793,1.114,0.25,0.451,0.283,0.101,1.099,Sub-Saharan Africa
569,2023,Liberia,4.042,4.325,3.76,0.628,0.644,0.141,0.471,0.219,0.071,1.869,Sub-Saharan Africa
570,2023,India,4.036,4.092,3.98,1.159,0.674,0.252,0.685,0.175,0.111,0.979,South Asia
571,2023,Madagascar,4.019,4.199,3.839,0.632,0.779,0.178,0.187,0.177,0.134,1.932,Sub-Saharan Africa
572,2023,Zambia,3.982,4.167,3.797,0.914,0.89,0.095,0.545,0.189,0.08,1.27,Sub-Saharan Africa
573,2023,Tanzania,3.694,3.84,3.547,0.836,0.787,0.214,0.607,0.234,0.269,0.747,Sub-Saharan Africa
574,2023,Comoros,3.545,3.774,3.317,0.914,0.327,0.215,0.117,0.129,0.145,1.699,Sub-Saharan Africa
575,2023,Malawi,3.495,3.671,3.32,0.637,0.479,0.189,0.49,0.139,0.129,1.432,Sub-Saharan Africa
576,2023,Botswana,3.435,3.702,3.168,1.471,1.041,0.087,0.48,0.021,0.071,0.264,Sub-Saharan Africa
577,2023,Congo (Kinshasa),3.207,3.394,3.02,0.531,0.784,0.105,0.375,0.183,0.068,1.162,Sub-Saharan Africa
578,2023,Zimbabwe,3.204,3.323,3.084,0.758,0.881,0.069,0.363,0.112,0.117,0.905,Sub-Saharan Africa
579,2023,Sierra Leone,3.138,3.299,2.976,0.67,0.54,0.092,0.371,0.193,0.051,1.221,Sub-Saharan Africa
580,2023,Lebanon,2.392,2.479,2.305,1.417,0.476,0.398,0.123,0.061,0.027,-0.11,Middle East and North Africa
581,2023,Afghanistan,1.859,1.923,1.795,0.645,0.0,0.087,0.0,0.093,0.059,0.976,South Asia
582,2024,Finland,7.741,7.815,7.667,1.844,1.572,0.695,0.859,0.142,0.546,2.082,Western Europe
583,2024,Denmark,7.583,7.665,7.5,1.908,1.52,0.699,0.823,0.204,0.548,1.881,Western Europe
584,2024,Iceland,7.525,7.618,7.433,1.881,1.617,0.718,0.819,0.258,0.182,2.05,Western Europe
585,2024,Sweden,7.344,7.422,7.267,1.878,1.501,0.724,0.838,0.221,0.524,1.658,Western Europe
586,2024,Israel,7.341,7.405,7.277,1.803,1.513,0.74,0.641,0.153,0.193,2.298,Middle East and North Africa
587,2024,Netherlands,7.319,7.383,7.256,1.901,1.462,0.706,0.725,0.247,0.372,1.906,Western Europe
588,2024,Norway,7.302,7.389,7.215,1.952,1.517,0.704,0.835,0.224,0.484,1.586,Western Europe
589,2024,Luxembourg,7.122,7.213,7.031,2.141,1.355,0.708,0.801,0.146,0.432,1.54,Western Europe
590,2024,Switzerland,7.06,7.147,6.973,1.97,1.425,0.747,0.759,0.173,0.498,1.488,Western Europe
591,2024,Australia,7.057,7.141,6.973,1.854,1.461,0.692,0.756,0.225,0.323,1.745,North America and ANZ
592,2024,New Zealand,7.029,7.105,6.954,1.81,1.527,0.673,0.746,0.226,0.48,1.567,North America and ANZ
593,2024,Costa Rica,6.955,7.051,6.86,1.561,1.373,0.661,0.797,0.109,0.123,2.333,Latin America and Caribbean
594,2024,Kuwait,6.951,7.06,6.843,1.845,1.364,0.661,0.827,0.2,0.172,1.884,Middle East and North Africa
595,2024,Austria,6.905,6.986,6.824,1.885,1.336,0.696,0.703,0.214,0.305,1.766,Western Europe
596,2024,Canada,6.9,6.984,6.815,1.84,1.459,0.701,0.73,0.23,0.368,1.572,North America and ANZ
597,2024,Belgium,6.894,6.961,6.827,1.868,1.44,0.69,0.729,0.17,0.311,1.686,Western Europe
598,2024,Ireland,6.838,6.927,6.749,2.129,1.39,0.7,0.758,0.205,0.418,1.239,Western Europe
599,2024,Czechia,6.822,6.903,6.741,1.783,1.511,0.638,0.787,0.177,0.068,1.858,Commonwealth of Independent States
600,2024,Lithuania,6.818,6.896,6.739,1.766,1.454,0.598,0.533,0.044,0.116,2.307,Central and Eastern Europe
601,2024,United Kingdom,6.749,6.833,6.665,1.822,1.326,0.672,0.713,0.267,0.351,1.598,Western Europe
602,2024,Slovenia,6.743,6.843,6.643,1.786,1.502,0.695,0.789,0.157,0.131,1.683,Central and Eastern Europe
603,2024,United Arab Emirates,6.733,6.823,6.643,1.983,1.164,0.563,0.815,0.209,0.258,1.741,Middle East and North Africa
604,2024,United States,6.725,6.818,6.631,1.939,1.392,0.542,0.586,0.223,0.169,1.873,North America and ANZ
605,2024,Germany,6.719,6.815,6.622,1.871,1.39,0.702,0.7,0.174,0.368,1.513,Western Europe
606,2024,Mexico,6.678,6.781,6.575,1.521,1.241,0.544,0.722,0.086,0.127,2.437,Latin America and Caribbean
607,2024,Uruguay,6.611,6.696,6.527,1.596,1.431,0.592,0.775,0.106,0.22,1.891,Latin America and Caribbean
608,2024,France,6.609,6.685,6.533,1.818,1.348,0.727,0.65,0.112,0.281,1.672,Western Europe
609,2024,Saudi Arabia,6.594,6.707,6.48,1.842,1.361,0.511,0.787,0.114,0.188,1.79,Middle East and North Africa
610,2024,Kosovo,6.561,6.667,6.455,1.364,1.277,0.599,0.739,0.254,0.073,2.255,Central and Eastern Europe
611,2024,Singapore,6.523,6.605,6.44,2.118,1.361,0.769,0.743,0.168,0.575,0.788,Southeast Asia
612,2024,Taiwan Province of China,6.503,6.597,6.41,1.842,1.346,0.65,0.649,0.068,0.202,1.747,East Asia
613,2024,Romania,6.491,6.592,6.39,1.699,1.236,0.583,0.717,0.041,0.006,2.21,Central and Eastern Europe
614,2024,El Salvador,6.469,6.599,6.338,1.265,1.08,0.549,0.816,0.083,0.253,2.424,Latin America and Caribbean
615,2024,Estonia,6.448,6.524,6.371,1.752,1.527,0.657,0.805,0.166,0.401,1.138,Central and Eastern Europe
616,2024,Poland,6.442,6.513,6.37,1.738,1.417,0.639,0.6,0.081,0.175,1.791,Central and Eastern Europe
617,2024,Spain,6.421,6.502,6.339,1.766,1.471,0.729,0.619,0.119,0.177,1.54,Western Europe
618,2024,Serbia,6.411,6.522,6.3,1.538,1.391,0.585,0.663,0.2,0.101,1.932,Central and Eastern Europe
619,2024,Chile,6.36,6.448,6.273,1.616,1.369,0.673,0.651,0.117,0.075,1.858,Latin America and Caribbean
620,2024,Panama,6.358,6.489,6.227,1.702,1.392,0.633,0.72,0.063,0.043,1.806,Latin America and Caribbean
621,2024,Malta,6.346,6.43,6.261,1.827,1.444,0.707,0.727,0.25,0.125,1.267,Western Europe
622,2024,Italy,6.324,6.436,6.211,1.8,1.328,0.72,0.513,0.112,0.074,1.777,Western Europe
623,2024,Guatemala,6.287,6.457,6.117,1.26,1.169,0.467,0.735,0.105,0.078,2.473,Latin America and Caribbean
624,2024,Nicaragua,6.284,6.433,6.135,1.097,1.263,0.542,0.793,0.133,0.251,2.203,Latin America and Caribbean
625,2024,Brazil,6.272,6.39,6.154,1.43,1.269,0.548,0.685,0.13,0.142,2.068,Latin America and Caribbean
626,2024,Slovakia,6.257,6.332,6.182,1.706,1.54,0.638,0.566,0.096,0.058,1.653,Central and Eastern Europe
627,2024,Latvia,6.234,6.314,6.155,1.7,1.508,0.564,0.666,0.127,0.078,1.59,Central and Eastern Europe
628,2024,Uzbekistan,6.195,6.303,6.087,1.212,1.394,0.539,0.835,0.251,0.215,1.749,Commonwealth of Independent States
629,2024,Argentina,6.188,6.306,6.07,1.562,1.381,0.585,0.681,0.087,0.08,1.812,Latin America and Caribbean
630,2024,Kazakhstan,6.188,6.278,6.097,1.622,1.457,0.556,0.733,0.149,0.12,1.551,Commonwealth of Independent States
631,2024,Cyprus,6.068,6.182,5.954,1.794,1.217,0.744,0.529,0.124,0.049,1.611,Western Europe
632,2024,Japan,6.06,6.144,5.976,1.786,1.354,0.785,0.632,0.023,0.219,1.261,East Asia
633,2024,South Korea,6.058,6.148,5.968,1.815,1.178,0.77,0.555,0.126,0.158,1.456,East Asia
634,2024,Philippines,6.048,6.166,5.929,1.232,1.146,0.441,0.826,0.099,0.136,2.167,Southeast Asia
635,2024,Vietnam,6.043,6.138,5.948,1.331,1.267,0.539,0.843,0.094,0.16,1.81,Southeast Asia
636,2024,Portugal,6.03,6.134,5.925,1.728,1.368,0.699,0.757,0.047,0.035,1.397,Western Europe
637,2024,Hungary,6.017,6.124,5.91,1.722,1.528,0.596,0.581,0.123,0.067,1.4,Central and Eastern Europe
638,2024,Paraguay,5.977,6.085,5.868,1.398,1.408,0.549,0.788,0.131,0.065,1.637,Latin America and Caribbean
639,2024,Thailand,5.976,6.094,5.858,1.484,1.347,0.62,0.756,0.283,0.024,1.463,Southeast Asia
640,2024,Malaysia,5.975,6.078,5.872,1.646,1.143,0.54,0.829,0.226,0.119,1.473,Southeast Asia
641,2024,China,5.973,6.061,5.885,1.497,1.239,0.629,0.704,0.132,0.164,1.608,East Asia
642,2024,Honduras,5.968,6.114,5.822,1.091,1.035,0.502,0.72,0.175,0.081,2.364,Latin America and Caribbean
643,2024,Bahrain,5.959,6.153,5.766,,,,,,,,Middle East and North Africa
644,2024,Croatia,5.942,6.047,5.837,1.71,1.445,0.637,0.469,0.064,0.043,1.574,Central and Eastern Europe
645,2024,Greece,5.934,6.027,5.84,1.684,1.276,0.696,0.337,0.018,0.093,1.83,Western Europe
646,2024,Bosnia and Herzegovina,5.877,5.979,5.775,1.465,1.318,0.587,0.621,0.246,0.0,1.64,Central and Eastern Europe
647,2024,Libya,5.866,5.987,5.746,1.526,1.1,0.55,0.592,0.111,0.204,1.785,Middle East and North Africa
648,2024,Jamaica,5.842,6.059,5.624,1.28,1.324,0.567,0.647,0.089,0.028,1.907,Latin America and Caribbean
649,2024,Peru,5.841,5.946,5.736,1.371,1.18,0.662,0.615,0.078,0.029,1.907,Latin America and Caribbean
650,2024,Dominican Republic,5.823,5.967,5.679,1.517,1.272,0.511,0.73,0.086,0.196,1.512,Latin America and Caribbean
651,2024,Mauritius,5.816,5.927,5.706,1.57,1.358,0.49,0.641,0.123,0.118,1.517,Sub-Saharan Africa
652,2024,Moldova,5.816,5.93,5.702,1.385,1.277,0.542,0.695,0.077,0.044,1.795,Commonwealth of Independent States
653,2024,Russia,5.785,5.859,5.712,1.642,1.351,0.531,0.551,0.138,0.121,1.451,Commonwealth of Independent States
654,2024,Bolivia,5.784,5.895,5.674,1.217,1.179,0.488,0.719,0.1,0.061,2.02,Latin America and Caribbean
655,2024,Ecuador,5.725,5.85,5.599,1.315,1.151,0.64,0.606,0.087,0.078,1.846,Latin America and Caribbean
656,2024,Kyrgyzstan,5.714,5.795,5.632,1.054,1.477,0.588,0.834,0.225,0.03,1.505,Commonwealth of Independent States
657,2024,Montenegro,5.707,5.815,5.599,1.571,1.318,0.587,0.632,0.11,0.132,1.357,Central and Eastern Europe
658,2024,Mongolia,5.696,5.783,5.61,1.353,1.511,0.4,0.501,0.237,0.055,1.64,East Asia
659,2024,Colombia,5.695,5.806,5.584,1.437,1.241,0.648,0.644,0.072,0.059,1.596,Latin America and Caribbean
660,2024,Venezuela,5.607,5.725,5.489,0.0,1.321,0.491,0.518,0.192,0.086,2.998,Latin America and Caribbean
661,2024,Indonesia,5.568,5.67,5.466,1.361,1.184,0.472,0.779,0.399,0.055,1.318,Southeast Asia
662,2024,Bulgaria,5.463,5.569,5.357,1.629,1.469,0.567,0.62,0.083,0.006,1.088,Central and Eastern Europe
663,2024,Armenia,5.455,5.56,5.35,1.444,1.154,0.603,0.65,0.051,0.173,1.379,Commonwealth of Independent States
664,2024,South Africa,5.422,5.549,5.295,1.389,1.369,0.322,0.537,0.078,0.034,1.693,Sub-Saharan Africa
665,2024,North Macedonia,5.369,5.468,5.27,1.475,1.277,0.569,0.58,0.194,0.015,1.26,Central and Eastern Europe
666,2024,Algeria,5.364,5.476,5.251,1.324,1.191,0.568,0.247,0.091,0.2,1.743,Middle East and North Africa
667,2024,Hong Kong S.A.R. of China,5.316,5.403,5.229,1.909,1.184,0.857,0.485,0.147,0.402,0.333,East Asia
668,2024,Albania,5.304,5.44,5.168,1.438,0.924,0.638,0.69,0.138,0.049,1.428,Central and Eastern Europe
669,2024,Tajikistan,5.281,5.361,5.201,,,,,,,,Commonwealth of Independent States
670,2024,Mozambique,5.216,5.406,5.027,0.56,0.883,0.156,0.728,0.158,0.196,2.536,Sub-Saharan Africa
671,2024,Georgia,5.185,5.283,5.087,1.467,0.99,0.524,0.68,0.0,0.174,1.349,Commonwealth of Independent States
672,2024,Iraq,5.166,5.283,5.049,1.249,0.996,0.498,0.425,0.141,0.048,1.809,Middle East and North Africa
673,2024,Nepal,5.158,5.29,5.027,0.965,0.99,0.443,0.653,0.209,0.115,1.783,South Asia
674,2024,Laos,5.139,5.261,5.017,1.208,0.846,0.423,0.796,0.17,0.167,1.529,Southeast Asia
675,2024,Gabon,5.106,5.243,4.969,1.403,1.038,0.344,0.516,0.045,0.1,1.66,Sub-Saharan Africa
676,2024,Ivory Coast,5.08,5.224,4.936,1.08,0.578,0.288,0.547,0.12,0.164,2.303,Sub-Saharan Africa
677,2024,Guinea,5.023,5.166,4.881,0.831,0.622,0.236,0.521,0.21,0.107,2.497,Sub-Saharan Africa
678,2024,Turkey,4.975,5.085,4.866,1.702,1.175,0.631,0.202,0.068,0.115,1.083,Middle East and North Africa
679,2024,Senegal,4.969,5.096,4.841,0.927,0.751,0.392,0.607,0.152,0.069,2.071,Sub-Saharan Africa
680,2024,Iran,4.923,5.024,4.822,1.435,1.136,0.571,0.366,0.235,0.123,1.057,Middle East and North Africa
681,2024,Azerbaijan,4.893,5.018,4.768,1.433,0.876,0.496,0.668,0.112,0.199,1.11,Commonwealth of Independent States
682,2024,Nigeria,4.881,5.018,4.744,1.042,1.075,0.256,0.566,0.201,0.019,1.722,Sub-Saharan Africa
683,2024,Palestinian Territories,4.879,5.006,4.753,,,,,,,,Middle East and North Africa
684,2024,Cameroon,4.874,4.996,4.753,0.943,0.856,0.288,0.521,0.126,0.06,2.08,Sub-Saharan Africa
685,2024,Ukraine,4.873,4.988,4.758,1.35,1.315,0.513,0.631,0.285,0.025,0.753,Commonwealth of Independent States
686,2024,Namibia,4.832,4.958,4.705,1.266,1.212,0.307,0.47,0.069,0.061,1.446,Sub-Saharan Africa
687,2024,Morocco,4.795,4.912,4.677,1.213,0.471,0.495,0.631,0.042,0.082,1.861,Middle East and North Africa
688,2024,Pakistan,4.657,4.779,4.535,1.069,0.6,0.321,0.542,0.144,0.074,1.907,South Asia
689,2024,Niger,4.556,4.712,4.401,0.573,0.677,0.293,0.615,0.145,0.147,2.107,Sub-Saharan Africa
690,2024,Burkina Faso,4.548,4.686,4.41,0.756,0.685,0.274,0.483,0.173,0.179,1.999,Sub-Saharan Africa
691,2024,Mauritania,4.505,4.673,4.337,1.078,0.705,0.4,0.343,0.133,0.198,1.649,Sub-Saharan Africa
692,2024,Gambia,4.485,4.625,4.344,0.75,0.684,0.33,0.459,0.324,0.048,1.89,Sub-Saharan Africa
693,2024,Chad,4.471,4.63,4.313,0.603,0.805,0.199,0.411,0.218,0.113,2.122,Sub-Saharan Africa
694,2024,Kenya,4.47,4.595,4.344,1.037,0.895,0.353,0.519,0.282,0.069,1.316,Sub-Saharan Africa
695,2024,Tunisia,4.422,4.505,4.338,1.306,0.955,0.579,0.254,0.024,0.018,1.285,Middle East and North Africa
696,2024,Benin,4.377,4.51,4.245,0.914,0.128,0.284,0.567,0.112,0.252,2.121,Sub-Saharan Africa
697,2024,Uganda,4.372,4.501,4.243,0.772,1.151,0.373,0.587,0.178,0.054,1.256,Sub-Saharan Africa
698,2024,Myanmar,4.354,4.501,4.208,0.978,0.988,0.436,0.45,0.401,0.174,0.928,Southeast Asia
699,2024,Cambodia,4.341,4.446,4.236,1.011,1.019,0.442,0.863,0.17,0.071,0.765,Southeast Asia
700,2024,Ghana,4.289,4.396,4.182,1.077,0.747,0.36,0.623,0.183,0.028,1.273,Sub-Saharan Africa
701,2024,Liberia,4.269,4.474,4.063,0.619,0.673,0.301,0.546,0.178,0.075,1.878,Sub-Saharan Africa
702,2024,Mali,4.232,4.347,4.117,0.747,0.688,0.267,0.586,0.12,0.09,1.734,Sub-Saharan Africa
703,2024,Madagascar,4.228,4.359,4.097,0.628,0.823,0.333,0.25,0.172,0.123,1.897,Sub-Saharan Africa
704,2024,Togo,4.214,4.33,4.098,0.758,0.586,0.32,0.453,0.127,0.156,1.814,Sub-Saharan Africa
705,2024,Jordan,4.186,4.306,4.066,1.262,0.983,0.594,0.593,0.059,0.189,0.504,Middle East and North Africa
706,2024,India,4.054,4.123,3.985,1.166,0.653,0.417,0.767,0.174,0.122,0.756,South Asia
707,2024,Egypt,3.977,4.066,3.887,1.37,0.996,0.488,0.49,0.025,0.259,0.349,Middle East and North Africa
708,2024,Sri Lanka,3.898,4.018,3.778,1.361,1.179,0.586,0.583,0.144,0.031,0.014,South Asia
709,2024,Bangladesh,3.886,3.994,3.778,1.122,0.249,0.513,0.775,0.14,0.167,0.919,South Asia
710,2024,Ethiopia,3.861,3.997,3.725,0.792,0.915,0.42,0.441,0.27,0.101,0.923,Sub-Saharan Africa
711,2024,Tanzania,3.781,3.917,3.644,0.82,0.706,0.38,0.709,0.191,0.257,0.717,Sub-Saharan Africa
712,2024,Comoros,3.566,3.754,3.378,0.896,0.328,0.37,0.172,0.128,0.16,1.512,Sub-Saharan Africa
713,2024,Yemen,3.561,3.714,3.408,0.671,1.281,0.293,0.362,0.08,0.113,0.76,Middle East and North Africa
714,2024,Zambia,3.502,3.636,3.368,0.899,0.809,0.264,0.727,0.168,0.109,0.526,Sub-Saharan Africa
715,2024,Swaziland,3.502,3.673,3.331,1.255,0.925,0.176,0.284,0.059,0.116,0.686,Sub-Saharan Africa
716,2024,Malawi,3.421,3.561,3.281,0.617,0.41,0.349,0.571,0.135,0.136,1.203,Sub-Saharan Africa
717,2024,Botswana,3.383,3.558,3.209,1.445,0.969,0.241,0.567,0.014,0.082,0.066,Sub-Saharan Africa
718,2024,Zimbabwe,3.341,3.457,3.226,0.748,0.85,0.232,0.487,0.096,0.131,0.797,Sub-Saharan Africa
719,2024,Congo (Kinshasa),3.295,3.462,3.128,0.534,0.665,0.262,0.473,0.189,0.072,1.102,Sub-Saharan Africa
720,2024,Sierra Leone,3.245,3.366,3.124,0.654,0.566,0.253,0.469,0.181,0.053,1.068,Sub-Saharan Africa
721,2024,Lesotho,3.186,3.469,2.904,0.771,0.851,0.0,0.523,0.082,0.085,0.875,Sub-Saharan Africa
722,2024,Lebanon,2.707,2.797,2.616,1.377,0.577,0.556,0.173,0.068,0.029,-0.073,Middle East and North Africa
723,2024,Afghanistan,1.721,1.775,1.667,0.628,0.0,0.242,0.0,0.091,0.088,0.672,South Asia
